"","ID","Description","GeneRatio","BgRatio","pvalue","p.adjust","qvalue","geneID","Count"
"GOBP_CYTOSKELETON_ORGANIZATION","GOBP_CYTOSKELETON_ORGANIZATION","GOBP_CYTOSKELETON_ORGANIZATION","9/25","19/92",0.0297524042957337,0.994722215760945,0.994722215760945,"23271/81624/8841/3192/23077/4771/5170/5921/23353",9
"GOCC_NUCLEAR_PROTEIN_CONTAINING_COMPLEX","GOCC_NUCLEAR_PROTEIN_CONTAINING_COMPLEX","GOCC_NUCLEAR_PROTEIN_CONTAINING_COMPLEX","7/25","15/92",0.0658617030304503,0.994722215760945,0.994722215760945,"8841/3192/55706/4928/5903/6597/23353",7
"GOBP_PROTEIN_LOCALIZATION_TO_NUCLEUS","GOBP_PROTEIN_LOCALIZATION_TO_NUCLEUS","GOBP_PROTEIN_LOCALIZATION_TO_NUCLEUS","7/25","16/92",0.0943815014739795,0.994722215760945,0.994722215760945,"23399/8841/3192/4771/4928/5903/23353",7
"GOBP_TISSUE_DEVELOPMENT","GOBP_TISSUE_DEVELOPMENT","GOBP_TISSUE_DEVELOPMENT","7/25","16/92",0.0943815014739795,0.994722215760945,0.994722215760945,"5926/23399/3192/80856/4771/5170/6275",7
"GOCC_NUCLEAR_MEMBRANE","GOCC_NUCLEAR_MEMBRANE","GOCC_NUCLEAR_MEMBRANE","7/25","16/92",0.0943815014739795,0.994722215760945,0.994722215760945,"23399/4001/55706/11270/4928/5903/23353",7
"GOCC_CATALYTIC_COMPLEX","GOCC_CATALYTIC_COMPLEX","GOCC_CATALYTIC_COMPLEX","6/25","14/92",0.135209844508926,0.994722215760945,0.994722215760945,"23399/8841/3192/5700/5903/6597",6
"GOBP_REGULATION_OF_CYTOSKELETON_ORGANIZATION","GOBP_REGULATION_OF_CYTOSKELETON_ORGANIZATION","GOBP_REGULATION_OF_CYTOSKELETON_ORGANIZATION","5/25","11/92",0.138366612208189,0.994722215760945,0.994722215760945,"23271/3192/23077/4771/5921",5
"GOMF_CYTOSKELETAL_PROTEIN_BINDING","GOMF_CYTOSKELETAL_PROTEIN_BINDING","GOMF_CYTOSKELETAL_PROTEIN_BINDING","5/25","11/92",0.138366612208189,0.994722215760945,0.994722215760945,"23271/81624/3192/4771/6275",5
"HP_ABNORMALITY_OF_THE_BLADDER","HP_ABNORMALITY_OF_THE_BLADDER","HP_ABNORMALITY_OF_THE_BLADDER","5/25","11/92",0.138366612208189,0.994722215760945,0.994722215760945,"64834/3192/4001/4771/5921",5
"HP_ABNORMALITY_OF_THE_LOWER_URINARY_TRACT","HP_ABNORMALITY_OF_THE_LOWER_URINARY_TRACT","HP_ABNORMALITY_OF_THE_LOWER_URINARY_TRACT","6/25","15/92",0.181441938827911,0.994722215760945,0.994722215760945,"64834/3192/4001/4771/5921/6597",6
"HP_ABNORMALITY_OF_THE_CEREBRAL_SUBCORTEX","HP_ABNORMALITY_OF_THE_CEREBRAL_SUBCORTEX","HP_ABNORMALITY_OF_THE_CEREBRAL_SUBCORTEX","5/25","12/92",0.191427175663875,0.994722215760945,0.994722215760945,"3192/4001/80856/5903/6597",5
"GOCC_NUCLEAR_ENVELOPE","GOCC_NUCLEAR_ENVELOPE","GOCC_NUCLEAR_ENVELOPE","7/25","19/92",0.216538204374678,0.994722215760945,0.994722215760945,"23399/4001/55706/11270/4928/5903/23353",7
"GOBP_REGULATION_OF_CELL_DEATH","GOBP_REGULATION_OF_CELL_DEATH","GOBP_REGULATION_OF_CELL_DEATH","6/25","16/92",0.23367820124027,0.994722215760945,0.994722215760945,"22900/8841/4771/5170/5700/5921",6
"GOBP_POSITIVE_REGULATION_OF_TRANSCRIPTION_BY_RNA_POLYMERASE_II","GOBP_POSITIVE_REGULATION_OF_TRANSCRIPTION_BY_RNA_POLYMERASE_II","GOBP_POSITIVE_REGULATION_OF_TRANSCRIPTION_BY_RNA_POLYMERASE_II","5/25","13/92",0.251120309551523,0.994722215760945,0.994722215760945,"5926/11319/8841/3192/6597",5
"GOBP_POSITIVE_REGULATION_OF_CELLULAR_BIOSYNTHETIC_PROCESS","GOBP_POSITIVE_REGULATION_OF_CELLULAR_BIOSYNTHETIC_PROCESS","GOBP_POSITIVE_REGULATION_OF_CELLULAR_BIOSYNTHETIC_PROCESS","7/25","20/92",0.267664968751917,0.994722215760945,0.994722215760945,"5926/23399/11319/8841/3192/4928/6597",7
"GOBP_PROTEIN_LOCALIZATION_TO_ORGANELLE","GOBP_PROTEIN_LOCALIZATION_TO_ORGANELLE","GOBP_PROTEIN_LOCALIZATION_TO_ORGANELLE","7/25","20/92",0.267664968751917,0.994722215760945,0.994722215760945,"23399/8841/3192/4771/4928/5903/23353",7
"GOBP_REGULATION_OF_PROTEIN_LOCALIZATION","GOBP_REGULATION_OF_PROTEIN_LOCALIZATION","GOBP_REGULATION_OF_PROTEIN_LOCALIZATION","4/25","10/92",0.268606177053965,0.994722215760945,0.994722215760945,"8841/23077/4771/5170",4
"HP_ABNORMAL_CORPUS_CALLOSUM_MORPHOLOGY","HP_ABNORMAL_CORPUS_CALLOSUM_MORPHOLOGY","HP_ABNORMAL_CORPUS_CALLOSUM_MORPHOLOGY","4/25","10/92",0.268606177053965,0.994722215760945,0.994722215760945,"3192/4001/80856/6597",4
"HP_ABNORMALITY_OF_HINDBRAIN_MORPHOLOGY","HP_ABNORMALITY_OF_HINDBRAIN_MORPHOLOGY","HP_ABNORMALITY_OF_HINDBRAIN_MORPHOLOGY","4/25","10/92",0.268606177053965,0.994722215760945,0.994722215760945,"4001/80856/4771/6597",4
"HP_ONSET","HP_ONSET","HP_ONSET","4/25","10/92",0.268606177053965,0.994722215760945,0.994722215760945,"3192/4001/4771/5903",4
"HP_WEAKNESS_DUE_TO_UPPER_MOTOR_NEURON_DYSFUNCTION","HP_WEAKNESS_DUE_TO_UPPER_MOTOR_NEURON_DYSFUNCTION","HP_WEAKNESS_DUE_TO_UPPER_MOTOR_NEURON_DYSFUNCTION","4/25","10/92",0.268606177053965,0.994722215760945,0.994722215760945,"4001/4771/5903/5921",4
"GOBP_NEGATIVE_REGULATION_OF_SIGNALING","GOBP_NEGATIVE_REGULATION_OF_SIGNALING","GOBP_NEGATIVE_REGULATION_OF_SIGNALING","6/25","17/92",0.290663214781025,0.994722215760945,0.994722215760945,"22900/8841/4771/5170/5921/6597",6
"GOBP_HOMEOSTATIC_PROCESS","GOBP_HOMEOSTATIC_PROCESS","GOBP_HOMEOSTATIC_PROCESS","5/25","14/92",0.315515012352965,0.994722215760945,0.994722215760945,"5926/64834/8841/5170/6597",5
"GOBP_POSITIVE_REGULATION_OF_CATALYTIC_ACTIVITY","GOBP_POSITIVE_REGULATION_OF_CATALYTIC_ACTIVITY","GOBP_POSITIVE_REGULATION_OF_CATALYTIC_ACTIVITY","5/25","14/92",0.315515012352965,0.994722215760945,0.994722215760945,"22900/3192/5170/5903/5921",5
"GOBP_REGULATION_OF_CELLULAR_COMPONENT_BIOGENESIS","GOBP_REGULATION_OF_CELLULAR_COMPONENT_BIOGENESIS","GOBP_REGULATION_OF_CELLULAR_COMPONENT_BIOGENESIS","5/25","14/92",0.315515012352965,0.994722215760945,0.994722215760945,"23271/22900/3192/4771/5921",5
"GOCC_NUCLEAR_OUTER_MEMBRANE_ENDOPLASMIC_RETICULUM_MEMBRANE_NETWORK","GOCC_NUCLEAR_OUTER_MEMBRANE_ENDOPLASMIC_RETICULUM_MEMBRANE_NETWORK","GOCC_NUCLEAR_OUTER_MEMBRANE_ENDOPLASMIC_RETICULUM_MEMBRANE_NETWORK","5/25","14/92",0.315515012352965,0.994722215760945,0.994722215760945,"23399/64834/80856/5903/10430",5
"GOBP_MICROTUBULE_CYTOSKELETON_ORGANIZATION","GOBP_MICROTUBULE_CYTOSKELETON_ORGANIZATION","GOBP_MICROTUBULE_CYTOSKELETON_ORGANIZATION","4/25","11/92",0.343028785537265,0.994722215760945,0.994722215760945,"23271/8841/3192/23353",4
"GOBP_MULTICELLULAR_ORGANISM_REPRODUCTION","GOBP_MULTICELLULAR_ORGANISM_REPRODUCTION","GOBP_MULTICELLULAR_ORGANISM_REPRODUCTION","4/25","11/92",0.343028785537265,0.994722215760945,0.994722215760945,"5926/23399/55706/23353",4
"GOBP_NEGATIVE_REGULATION_OF_CATALYTIC_ACTIVITY","GOBP_NEGATIVE_REGULATION_OF_CATALYTIC_ACTIVITY","GOBP_NEGATIVE_REGULATION_OF_CATALYTIC_ACTIVITY","4/25","11/92",0.343028785537265,0.994722215760945,0.994722215760945,"22900/3192/4771/5170",4
"GOBP_REGULATION_OF_CELL_DIFFERENTIATION","GOBP_REGULATION_OF_CELL_DIFFERENTIATION","GOBP_REGULATION_OF_CELL_DIFFERENTIATION","4/25","11/92",0.343028785537265,0.994722215760945,0.994722215760945,"8841/3192/80856/4771",4
"GOBP_SUPRAMOLECULAR_FIBER_ORGANIZATION","GOBP_SUPRAMOLECULAR_FIBER_ORGANIZATION","GOBP_SUPRAMOLECULAR_FIBER_ORGANIZATION","4/25","11/92",0.343028785537265,0.994722215760945,0.994722215760945,"23271/81624/4771/5921",4
"GOBP_NEGATIVE_REGULATION_OF_RESPONSE_TO_STIMULUS","GOBP_NEGATIVE_REGULATION_OF_RESPONSE_TO_STIMULUS","GOBP_NEGATIVE_REGULATION_OF_RESPONSE_TO_STIMULUS","6/25","18/92",0.350940695770801,0.994722215760945,0.994722215760945,"22900/8841/4771/5170/5921/6597",6
"GOMF_RNA_BINDING","GOMF_RNA_BINDING","GOMF_RNA_BINDING","6/25","18/92",0.350940695770801,0.994722215760945,0.994722215760945,"3192/4928/5700/5903/6275/6597",6
"GOCC_ENVELOPE","GOCC_ENVELOPE","GOCC_ENVELOPE","7/25","22/92",0.379691219067439,0.994722215760945,0.994722215760945,"23399/4001/55706/11270/4928/5903/23353",7
"GOBP_ENDOMEMBRANE_SYSTEM_ORGANIZATION","GOBP_ENDOMEMBRANE_SYSTEM_ORGANIZATION","GOBP_ENDOMEMBRANE_SYSTEM_ORGANIZATION","5/25","15/92",0.382551549115492,0.994722215760945,0.994722215760945,"23271/23399/4001/80856/23353",5
"GOBP_NEGATIVE_REGULATION_OF_PROTEIN_METABOLIC_PROCESS","GOBP_NEGATIVE_REGULATION_OF_PROTEIN_METABOLIC_PROCESS","GOBP_NEGATIVE_REGULATION_OF_PROTEIN_METABOLIC_PROCESS","5/25","15/92",0.382551549115492,0.994722215760945,0.994722215760945,"22900/3192/23077/4771/5170",5
"GOBP_REGULATION_OF_PHOSPHORUS_METABOLIC_PROCESS","GOBP_REGULATION_OF_PHOSPHORUS_METABOLIC_PROCESS","GOBP_REGULATION_OF_PHOSPHORUS_METABOLIC_PROCESS","5/25","15/92",0.382551549115492,0.994722215760945,0.994722215760945,"8841/3192/4771/5170/5903",5
"GOMF_ENZYME_REGULATOR_ACTIVITY","GOMF_ENZYME_REGULATOR_ACTIVITY","GOMF_ENZYME_REGULATOR_ACTIVITY","5/25","15/92",0.382551549115492,0.994722215760945,0.994722215760945,"22900/23077/5170/5903/5921",5
"GOBP_CELL_CYCLE","GOBP_CELL_CYCLE","GOBP_CELL_CYCLE","8/25","26/92",0.404230919849234,0.994722215760945,0.994722215760945,"23399/11319/8841/3192/55706/4771/5921/23353",8
"GOBP_CELLULAR_MACROMOLECULE_LOCALIZATION","GOBP_CELLULAR_MACROMOLECULE_LOCALIZATION","GOBP_CELLULAR_MACROMOLECULE_LOCALIZATION","8/25","26/92",0.404230919849234,0.994722215760945,0.994722215760945,"23399/8841/3192/4771/4928/5170/5903/23353",8
"GOBP_CHROMOSOME_ORGANIZATION","GOBP_CHROMOSOME_ORGANIZATION","GOBP_CHROMOSOME_ORGANIZATION","6/25","19/92",0.412972614876703,0.994722215760945,0.994722215760945,"5926/8841/3192/55706/6597/23353",6
"GOBP_POSITIVE_REGULATION_OF_MOLECULAR_FUNCTION","GOBP_POSITIVE_REGULATION_OF_MOLECULAR_FUNCTION","GOBP_POSITIVE_REGULATION_OF_MOLECULAR_FUNCTION","6/25","19/92",0.412972614876703,0.994722215760945,0.994722215760945,"22900/3192/5170/5903/5921/6597",6
"GOBP_POSITIVE_REGULATION_OF_PROTEIN_METABOLIC_PROCESS","GOBP_POSITIVE_REGULATION_OF_PROTEIN_METABOLIC_PROCESS","GOBP_POSITIVE_REGULATION_OF_PROTEIN_METABOLIC_PROCESS","6/25","19/92",0.412972614876703,0.994722215760945,0.994722215760945,"22900/8841/3192/23077/5170/5700",6
"GOBP_POSITIVE_REGULATION_OF_RNA_METABOLIC_PROCESS","GOBP_POSITIVE_REGULATION_OF_RNA_METABOLIC_PROCESS","GOBP_POSITIVE_REGULATION_OF_RNA_METABOLIC_PROCESS","6/25","19/92",0.412972614876703,0.994722215760945,0.994722215760945,"5926/11319/8841/3192/4928/6597",6
"GOBP_REGULATION_OF_INTRACELLULAR_SIGNAL_TRANSDUCTION","GOBP_REGULATION_OF_INTRACELLULAR_SIGNAL_TRANSDUCTION","GOBP_REGULATION_OF_INTRACELLULAR_SIGNAL_TRANSDUCTION","6/25","19/92",0.412972614876703,0.994722215760945,0.994722215760945,"22900/8841/4771/5170/5921/6275",6
"GOBP_CHROMATIN_ORGANIZATION","GOBP_CHROMATIN_ORGANIZATION","GOBP_CHROMATIN_ORGANIZATION","4/25","12/92",0.41882959047396,0.994722215760945,0.994722215760945,"5926/8841/3192/6597",4
"GOBP_MICROTUBULE_BASED_PROCESS","GOBP_MICROTUBULE_BASED_PROCESS","GOBP_MICROTUBULE_BASED_PROCESS","4/25","12/92",0.41882959047396,0.994722215760945,0.994722215760945,"23271/8841/3192/23353",4
"GOBP_MULTI_ORGANISM_REPRODUCTIVE_PROCESS","GOBP_MULTI_ORGANISM_REPRODUCTIVE_PROCESS","GOBP_MULTI_ORGANISM_REPRODUCTIVE_PROCESS","4/25","12/92",0.41882959047396,0.994722215760945,0.994722215760945,"5926/23399/55706/23353",4
"GOBP_NEGATIVE_REGULATION_OF_CELL_DEATH","GOBP_NEGATIVE_REGULATION_OF_CELL_DEATH","GOBP_NEGATIVE_REGULATION_OF_CELL_DEATH","4/25","12/92",0.41882959047396,0.994722215760945,0.994722215760945,"8841/5170/5700/5921",4
"GOBP_NEGATIVE_REGULATION_OF_MOLECULAR_FUNCTION","GOBP_NEGATIVE_REGULATION_OF_MOLECULAR_FUNCTION","GOBP_NEGATIVE_REGULATION_OF_MOLECULAR_FUNCTION","4/25","12/92",0.41882959047396,0.994722215760945,0.994722215760945,"22900/3192/4771/5170",4
"GOMF_CHROMATIN_BINDING","GOMF_CHROMATIN_BINDING","GOMF_CHROMATIN_BINDING","4/25","12/92",0.41882959047396,0.994722215760945,0.994722215760945,"8841/3192/4928/6597",4
"GOMF_TRANSCRIPTION_REGULATOR_ACTIVITY","GOMF_TRANSCRIPTION_REGULATOR_ACTIVITY","GOMF_TRANSCRIPTION_REGULATOR_ACTIVITY","4/25","12/92",0.41882959047396,0.994722215760945,0.994722215760945,"8841/3192/4928/6597",4
"HP_UPPER_MOTOR_NEURON_DYSFUNCTION","HP_UPPER_MOTOR_NEURON_DYSFUNCTION","HP_UPPER_MOTOR_NEURON_DYSFUNCTION","4/25","12/92",0.41882959047396,0.994722215760945,0.994722215760945,"4001/4771/5903/5921",4
"HP_VISUAL_IMPAIRMENT","HP_VISUAL_IMPAIRMENT","HP_VISUAL_IMPAIRMENT","4/25","12/92",0.41882959047396,0.994722215760945,0.994722215760945,"64834/4001/4771/6597",4
"GOBP_PROTEIN_CONTAINING_COMPLEX_ORGANIZATION","GOBP_PROTEIN_CONTAINING_COMPLEX_ORGANIZATION","GOBP_PROTEIN_CONTAINING_COMPLEX_ORGANIZATION","7/25","23/92",0.438165526997282,0.994722215760945,0.994722215760945,"23271/22900/81624/55706/4928/5921/6597",7
"GOBP_NUCLEUS_ORGANIZATION","GOBP_NUCLEUS_ORGANIZATION","GOBP_NUCLEUS_ORGANIZATION","5/25","16/92",0.450221252695138,0.994722215760945,0.994722215760945,"23399/4001/55706/4928/23353",5
"GOMF_MOLECULAR_FUNCTION_REGULATOR","GOMF_MOLECULAR_FUNCTION_REGULATOR","GOMF_MOLECULAR_FUNCTION_REGULATOR","5/25","16/92",0.450221252695138,0.994722215760945,0.994722215760945,"22900/23077/5170/5903/5921",5
"GOMF_PROTEIN_CONTAINING_COMPLEX_BINDING","GOMF_PROTEIN_CONTAINING_COMPLEX_BINDING","GOMF_PROTEIN_CONTAINING_COMPLEX_BINDING","5/25","16/92",0.450221252695138,0.994722215760945,0.994722215760945,"23271/3192/4771/6597/10430",5
"HP_ABNORMAL_CEREBRAL_VENTRICLE_MORPHOLOGY","HP_ABNORMAL_CEREBRAL_VENTRICLE_MORPHOLOGY","HP_ABNORMAL_CEREBRAL_VENTRICLE_MORPHOLOGY","5/25","16/92",0.450221252695138,0.994722215760945,0.994722215760945,"3192/4001/4771/5921/6597",5
"GOBP_REGULATION_OF_ORGANELLE_ORGANIZATION","GOBP_REGULATION_OF_ORGANELLE_ORGANIZATION","GOBP_REGULATION_OF_ORGANELLE_ORGANIZATION","6/25","20/92",0.475247320358755,0.994722215760945,0.994722215760945,"23271/3192/80856/23077/4771/5921",6
"HP_GAIT_DISTURBANCE","HP_GAIT_DISTURBANCE","HP_GAIT_DISTURBANCE","4/25","13/92",0.49336704866171,0.994722215760945,0.994722215760945,"4001/80856/4771/5903",4
"GOBP_PHOSPHORYLATION","GOBP_PHOSPHORYLATION","GOBP_PHOSPHORYLATION","5/25","17/92",0.516703768492686,0.994722215760945,0.994722215760945,"8841/3192/4771/5170/5903",5
"GOBP_POSITIVE_REGULATION_OF_NUCLEOBASE_CONTAINING_COMPOUND_METABOLIC_PROCESS","GOBP_POSITIVE_REGULATION_OF_NUCLEOBASE_CONTAINING_COMPOUND_METABOLIC_PROCESS","GOBP_POSITIVE_REGULATION_OF_NUCLEOBASE_CONTAINING_COMPOUND_METABOLIC_PROCESS","6/25","21/92",0.536368790554101,0.994722215760945,0.994722215760945,"5926/11319/8841/3192/4928/6597",6
"GOBP_BIOLOGICAL_ADHESION","GOBP_BIOLOGICAL_ADHESION","GOBP_BIOLOGICAL_ADHESION","3/25","10/92",0.545999535946266,0.994722215760945,0.994722215760945,"4771/5921/55423",3
"GOBP_ESTABLISHMENT_OF_PROTEIN_LOCALIZATION_TO_ORGANELLE","GOBP_ESTABLISHMENT_OF_PROTEIN_LOCALIZATION_TO_ORGANELLE","GOBP_ESTABLISHMENT_OF_PROTEIN_LOCALIZATION_TO_ORGANELLE","3/25","10/92",0.545999535946266,0.994722215760945,0.994722215760945,"8841/4928/5903",3
"GOBP_MACROMOLECULE_CATABOLIC_PROCESS","GOBP_MACROMOLECULE_CATABOLIC_PROCESS","GOBP_MACROMOLECULE_CATABOLIC_PROCESS","3/25","10/92",0.545999535946266,0.994722215760945,0.994722215760945,"3192/23077/5700",3
"GOBP_NEGATIVE_REGULATION_OF_CELLULAR_COMPONENT_ORGANIZATION","GOBP_NEGATIVE_REGULATION_OF_CELLULAR_COMPONENT_ORGANIZATION","GOBP_NEGATIVE_REGULATION_OF_CELLULAR_COMPONENT_ORGANIZATION","3/25","10/92",0.545999535946266,0.994722215760945,0.994722215760945,"23271/22900/3192",3
"GOBP_NEGATIVE_REGULATION_OF_TRANSCRIPTION_BY_RNA_POLYMERASE_II","GOBP_NEGATIVE_REGULATION_OF_TRANSCRIPTION_BY_RNA_POLYMERASE_II","GOBP_NEGATIVE_REGULATION_OF_TRANSCRIPTION_BY_RNA_POLYMERASE_II","3/25","10/92",0.545999535946266,0.994722215760945,0.994722215760945,"8841/3192/6597",3
"GOBP_ORGANELLE_FISSION","GOBP_ORGANELLE_FISSION","GOBP_ORGANELLE_FISSION","3/25","10/92",0.545999535946266,0.994722215760945,0.994722215760945,"3192/55706/23353",3
"GOBP_POSITIVE_REGULATION_OF_DEVELOPMENTAL_PROCESS","GOBP_POSITIVE_REGULATION_OF_DEVELOPMENTAL_PROCESS","GOBP_POSITIVE_REGULATION_OF_DEVELOPMENTAL_PROCESS","3/25","10/92",0.545999535946266,0.994722215760945,0.994722215760945,"3192/4771/5170",3
"GOBP_POSITIVE_REGULATION_OF_MULTICELLULAR_ORGANISMAL_PROCESS","GOBP_POSITIVE_REGULATION_OF_MULTICELLULAR_ORGANISMAL_PROCESS","GOBP_POSITIVE_REGULATION_OF_MULTICELLULAR_ORGANISMAL_PROCESS","3/25","10/92",0.545999535946266,0.994722215760945,0.994722215760945,"22900/8841/5170",3
"GOBP_RESPONSE_TO_OXYGEN_CONTAINING_COMPOUND","GOBP_RESPONSE_TO_OXYGEN_CONTAINING_COMPOUND","GOBP_RESPONSE_TO_OXYGEN_CONTAINING_COMPOUND","3/25","10/92",0.545999535946266,0.994722215760945,0.994722215760945,"22900/5170/6597",3
"GOCC_NUCLEAR_PERIPHERY","GOCC_NUCLEAR_PERIPHERY","GOCC_NUCLEAR_PERIPHERY","3/25","10/92",0.545999535946266,0.994722215760945,0.994722215760945,"3192/4001/4928",3
"GOCC_POLYMERIC_CYTOSKELETAL_FIBER","GOCC_POLYMERIC_CYTOSKELETAL_FIBER","GOCC_POLYMERIC_CYTOSKELETAL_FIBER","3/25","10/92",0.545999535946266,0.994722215760945,0.994722215760945,"23271/3192/4001",3
"HP_ABNORMALITY_OF_THE_OPTIC_NERVE","HP_ABNORMALITY_OF_THE_OPTIC_NERVE","HP_ABNORMALITY_OF_THE_OPTIC_NERVE","3/25","10/92",0.545999535946266,0.994722215760945,0.994722215760945,"64834/3192/4771",3
"HP_ABNORMALITY_OF_THE_PHILTRUM","HP_ABNORMALITY_OF_THE_PHILTRUM","HP_ABNORMALITY_OF_THE_PHILTRUM","3/25","10/92",0.545999535946266,0.994722215760945,0.994722215760945,"3192/4001/6597",3
"HP_GENERALIZED_HYPOTONIA","HP_GENERALIZED_HYPOTONIA","HP_GENERALIZED_HYPOTONIA","3/25","10/92",0.545999535946266,0.994722215760945,0.994722215760945,"3192/80856/6597",3
"GOBP_CELL_CYCLE_PROCESS","GOBP_CELL_CYCLE_PROCESS","GOBP_CELL_CYCLE_PROCESS","7/25","25/92",0.553967587799522,0.994722215760945,0.994722215760945,"23399/11319/8841/3192/55706/5921/23353",7
"GOBP_NITROGEN_COMPOUND_TRANSPORT","GOBP_NITROGEN_COMPOUND_TRANSPORT","GOBP_NITROGEN_COMPOUND_TRANSPORT","4/25","14/92",0.564507863185208,0.994722215760945,0.994722215760945,"8841/55706/4928/5903",4
"GOBP_REGULATION_OF_CELLULAR_LOCALIZATION","GOBP_REGULATION_OF_CELLULAR_LOCALIZATION","GOBP_REGULATION_OF_CELLULAR_LOCALIZATION","4/25","14/92",0.564507863185208,0.994722215760945,0.994722215760945,"8841/3192/4771/5170",4
"GOCC_MICROTUBULE_CYTOSKELETON","GOCC_MICROTUBULE_CYTOSKELETON","GOCC_MICROTUBULE_CYTOSKELETON","4/25","14/92",0.564507863185208,0.994722215760945,0.994722215760945,"23271/8841/3192/23077",4
"GOCC_SUPRAMOLECULAR_COMPLEX","GOCC_SUPRAMOLECULAR_COMPLEX","GOCC_SUPRAMOLECULAR_COMPLEX","4/25","14/92",0.564507863185208,0.994722215760945,0.994722215760945,"23271/3192/4001/4928",4
"GOMF_ADENYL_NUCLEOTIDE_BINDING","GOMF_ADENYL_NUCLEOTIDE_BINDING","GOMF_ADENYL_NUCLEOTIDE_BINDING","4/25","14/92",0.564507863185208,0.994722215760945,0.994722215760945,"3192/5170/5700/6597",4
"GOMF_SEQUENCE_SPECIFIC_DNA_BINDING","GOMF_SEQUENCE_SPECIFIC_DNA_BINDING","GOMF_SEQUENCE_SPECIFIC_DNA_BINDING","4/25","14/92",0.564507863185208,0.994722215760945,0.994722215760945,"5926/3192/4001/6597",4
"HP_ABNORMAL_INFLAMMATORY_RESPONSE","HP_ABNORMAL_INFLAMMATORY_RESPONSE","HP_ABNORMAL_INFLAMMATORY_RESPONSE","4/25","14/92",0.564507863185208,0.994722215760945,0.994722215760945,"22900/4001/5903/6597",4
"GOBP_INTRACELLULAR_TRANSPORT","GOBP_INTRACELLULAR_TRANSPORT","GOBP_INTRACELLULAR_TRANSPORT","5/25","18/92",0.580458796462642,0.994722215760945,0.994722215760945,"8841/3192/4928/5903/23353",5
"GOBP_PROGRAMMED_CELL_DEATH","GOBP_PROGRAMMED_CELL_DEATH","GOBP_PROGRAMMED_CELL_DEATH","5/25","18/92",0.580458796462642,0.994722215760945,0.994722215760945,"22900/8841/4771/5170/5921",5
"GOBP_INTRACELLULAR_PROTEIN_TRANSPORT","GOBP_INTRACELLULAR_PROTEIN_TRANSPORT","GOBP_INTRACELLULAR_PROTEIN_TRANSPORT","3/25","11/92",0.622113567349642,0.994722215760945,0.994722215760945,"8841/4928/5903",3
"GOBP_NUCLEAR_ENVELOPE_ORGANIZATION","GOBP_NUCLEAR_ENVELOPE_ORGANIZATION","GOBP_NUCLEAR_ENVELOPE_ORGANIZATION","3/25","11/92",0.622113567349642,0.994722215760945,0.994722215760945,"23399/4001/23353",3
"GOBP_ORGANELLE_LOCALIZATION","GOBP_ORGANELLE_LOCALIZATION","GOBP_ORGANELLE_LOCALIZATION","3/25","11/92",0.622113567349642,0.994722215760945,0.994722215760945,"3192/5170/23353",3
"GOBP_REGULATION_OF_TRANSPORT","GOBP_REGULATION_OF_TRANSPORT","GOBP_REGULATION_OF_TRANSPORT","3/25","11/92",0.622113567349642,0.994722215760945,0.994722215760945,"8841/5170/55423",3
"GOCC_SUPRAMOLECULAR_POLYMER","GOCC_SUPRAMOLECULAR_POLYMER","GOCC_SUPRAMOLECULAR_POLYMER","3/25","11/92",0.622113567349642,0.994722215760945,0.994722215760945,"23271/3192/4001",3
"HP_ABNORMAL_CARDIAC_SEPTUM_MORPHOLOGY","HP_ABNORMAL_CARDIAC_SEPTUM_MORPHOLOGY","HP_ABNORMAL_CARDIAC_SEPTUM_MORPHOLOGY","3/25","11/92",0.622113567349642,0.994722215760945,0.994722215760945,"3192/4001/6597",3
"HP_ABNORMAL_CONJUGATE_EYE_MOVEMENT","HP_ABNORMAL_CONJUGATE_EYE_MOVEMENT","HP_ABNORMAL_CONJUGATE_EYE_MOVEMENT","3/25","11/92",0.622113567349642,0.994722215760945,0.994722215760945,"3192/4001/6597",3
"HP_ABNORMAL_RENAL_MORPHOLOGY","HP_ABNORMAL_RENAL_MORPHOLOGY","HP_ABNORMAL_RENAL_MORPHOLOGY","3/25","11/92",0.622113567349642,0.994722215760945,0.994722215760945,"3192/4001/6597",3
"HP_ABNORMALITY_OF_UPPER_LIP","HP_ABNORMALITY_OF_UPPER_LIP","HP_ABNORMALITY_OF_UPPER_LIP","3/25","11/92",0.622113567349642,0.994722215760945,0.994722215760945,"3192/4001/6597",3
"HP_FUNCTIONAL_ABNORMALITY_OF_THE_GASTROINTESTINAL_TRACT","HP_FUNCTIONAL_ABNORMALITY_OF_THE_GASTROINTESTINAL_TRACT","HP_FUNCTIONAL_ABNORMALITY_OF_THE_GASTROINTESTINAL_TRACT","3/25","11/92",0.622113567349642,0.994722215760945,0.994722215760945,"22900/4001/4771",3
"HP_FUNCTIONAL_ABNORMALITY_OF_THE_INNER_EAR","HP_FUNCTIONAL_ABNORMALITY_OF_THE_INNER_EAR","HP_FUNCTIONAL_ABNORMALITY_OF_THE_INNER_EAR","3/25","11/92",0.622113567349642,0.994722215760945,0.994722215760945,"81624/4001/4771",3
"HP_HYPERTONIA","HP_HYPERTONIA","HP_HYPERTONIA","3/25","11/92",0.622113567349642,0.994722215760945,0.994722215760945,"4001/80856/5903",3
"HP_INVOLUNTARY_MOVEMENTS","HP_INVOLUNTARY_MOVEMENTS","HP_INVOLUNTARY_MOVEMENTS","3/25","11/92",0.622113567349642,0.994722215760945,0.994722215760945,"4001/80856/4771",3
"GOBP_ESTABLISHMENT_OF_PROTEIN_LOCALIZATION","GOBP_ESTABLISHMENT_OF_PROTEIN_LOCALIZATION","GOBP_ESTABLISHMENT_OF_PROTEIN_LOCALIZATION","4/25","15/92",0.630673795574196,0.994722215760945,0.994722215760945,"8841/55706/4928/5903",4
"GOBP_NEGATIVE_REGULATION_OF_BIOSYNTHETIC_PROCESS","GOBP_NEGATIVE_REGULATION_OF_BIOSYNTHETIC_PROCESS","GOBP_NEGATIVE_REGULATION_OF_BIOSYNTHETIC_PROCESS","4/25","15/92",0.630673795574196,0.994722215760945,0.994722215760945,"5926/8841/3192/6597",4
"GOBP_NEGATIVE_REGULATION_OF_NUCLEOBASE_CONTAINING_COMPOUND_METABOLIC_PROCESS","GOBP_NEGATIVE_REGULATION_OF_NUCLEOBASE_CONTAINING_COMPOUND_METABOLIC_PROCESS","GOBP_NEGATIVE_REGULATION_OF_NUCLEOBASE_CONTAINING_COMPOUND_METABOLIC_PROCESS","4/25","15/92",0.630673795574196,0.994722215760945,0.994722215760945,"5926/8841/3192/6597",4
"GOBP_NEUROGENESIS","GOBP_NEUROGENESIS","GOBP_NEUROGENESIS","4/25","15/92",0.630673795574196,0.994722215760945,0.994722215760945,"23271/23077/4771/23353",4
"GOBP_PEPTIDYL_AMINO_ACID_MODIFICATION","GOBP_PEPTIDYL_AMINO_ACID_MODIFICATION","GOBP_PEPTIDYL_AMINO_ACID_MODIFICATION","4/25","15/92",0.630673795574196,0.994722215760945,0.994722215760945,"5926/4771/5170/5903",4
"GOBP_POSITIVE_REGULATION_OF_SIGNALING","GOBP_POSITIVE_REGULATION_OF_SIGNALING","GOBP_POSITIVE_REGULATION_OF_SIGNALING","4/25","15/92",0.630673795574196,0.994722215760945,0.994722215760945,"23399/8841/6275/6597",4
"GOBP_REGULATION_OF_TRANSFERASE_ACTIVITY","GOBP_REGULATION_OF_TRANSFERASE_ACTIVITY","GOBP_REGULATION_OF_TRANSFERASE_ACTIVITY","4/25","15/92",0.630673795574196,0.994722215760945,0.994722215760945,"3192/4771/5170/5903",4
"GOBP_REPRODUCTION","GOBP_REPRODUCTION","GOBP_REPRODUCTION","4/25","15/92",0.630673795574196,0.994722215760945,0.994722215760945,"5926/23399/55706/23353",4
"GOBP_CELLULAR_RESPONSE_TO_ENDOGENOUS_STIMULUS","GOBP_CELLULAR_RESPONSE_TO_ENDOGENOUS_STIMULUS","GOBP_CELLULAR_RESPONSE_TO_ENDOGENOUS_STIMULUS","3/25","12/92",0.689874892974869,0.994722215760945,0.994722215760945,"3192/5170/6597",3
"GOBP_REGULATION_OF_CATABOLIC_PROCESS","GOBP_REGULATION_OF_CATABOLIC_PROCESS","GOBP_REGULATION_OF_CATABOLIC_PROCESS","3/25","12/92",0.689874892974869,0.994722215760945,0.994722215760945,"3192/23077/5700",3
"GOBP_REGULATION_OF_CELLULAR_COMPONENT_MOVEMENT","GOBP_REGULATION_OF_CELLULAR_COMPONENT_MOVEMENT","GOBP_REGULATION_OF_CELLULAR_COMPONENT_MOVEMENT","3/25","12/92",0.689874892974869,0.994722215760945,0.994722215760945,"23077/4771/5170",3
"GOBP_REGULATION_OF_MULTICELLULAR_ORGANISMAL_DEVELOPMENT","GOBP_REGULATION_OF_MULTICELLULAR_ORGANISMAL_DEVELOPMENT","GOBP_REGULATION_OF_MULTICELLULAR_ORGANISMAL_DEVELOPMENT","3/25","12/92",0.689874892974869,0.994722215760945,0.994722215760945,"80856/4771/5170",3
"HP_NEOPLASM","HP_NEOPLASM","HP_NEOPLASM","3/25","12/92",0.689874892974869,0.994722215760945,0.994722215760945,"4771/5921/6597",3
"HP_SOMATIC_SENSORY_DYSFUNCTION","HP_SOMATIC_SENSORY_DYSFUNCTION","HP_SOMATIC_SENSORY_DYSFUNCTION","3/25","12/92",0.689874892974869,0.994722215760945,0.994722215760945,"4001/4771/5921",3
"GOCC_ORGANELLE_SUBCOMPARTMENT","GOCC_ORGANELLE_SUBCOMPARTMENT","GOCC_ORGANELLE_SUBCOMPARTMENT","4/25","16/92",0.690824643200548,0.994722215760945,0.994722215760945,"23399/64834/80856/10430",4
"GOMF_RIBONUCLEOTIDE_BINDING","GOMF_RIBONUCLEOTIDE_BINDING","GOMF_RIBONUCLEOTIDE_BINDING","4/25","16/92",0.690824643200548,0.994722215760945,0.994722215760945,"3192/5170/5700/6597",4
"HP_ABNORMALITY_OF_THE_KIDNEY","HP_ABNORMALITY_OF_THE_KIDNEY","HP_ABNORMALITY_OF_THE_KIDNEY","4/25","16/92",0.690824643200548,0.994722215760945,0.994722215760945,"3192/4001/5921/6597",4
"HP_LANGUAGE_IMPAIRMENT","HP_LANGUAGE_IMPAIRMENT","HP_LANGUAGE_IMPAIRMENT","4/25","16/92",0.690824643200548,0.994722215760945,0.994722215760945,"3192/4001/80856/6597",4
"GOMF_IDENTICAL_PROTEIN_BINDING","GOMF_IDENTICAL_PROTEIN_BINDING","GOMF_IDENTICAL_PROTEIN_BINDING","5/25","20/92",0.695284613062003,0.994722215760945,0.994722215760945,"22900/3192/80856/23077/6275",5
"GOBP_MITOTIC_CELL_CYCLE_PROCESS","GOBP_MITOTIC_CELL_CYCLE_PROCESS","GOBP_MITOTIC_CELL_CYCLE_PROCESS","4/25","17/92",0.744400296956813,0.994722215760945,0.994722215760945,"23399/11319/3192/5921",4
"GOBP_REGULATION_OF_CELL_POPULATION_PROLIFERATION","GOBP_REGULATION_OF_CELL_POPULATION_PROLIFERATION","GOBP_REGULATION_OF_CELL_POPULATION_PROLIFERATION","4/25","17/92",0.744400296956813,0.994722215760945,0.994722215760945,"3192/4771/5170/55423",4
"GOBP_CELL_MIGRATION","GOBP_CELL_MIGRATION","GOBP_CELL_MIGRATION","3/25","13/92",0.748827246268817,0.994722215760945,0.994722215760945,"4771/5170/23353",3
"GOBP_CIRCULATORY_SYSTEM_DEVELOPMENT","GOBP_CIRCULATORY_SYSTEM_DEVELOPMENT","GOBP_CIRCULATORY_SYSTEM_DEVELOPMENT","3/25","13/92",0.748827246268817,0.994722215760945,0.994722215760945,"3192/5170/5921",3
"GOBP_DEVELOPMENTAL_PROCESS_INVOLVED_IN_REPRODUCTION","GOBP_DEVELOPMENTAL_PROCESS_INVOLVED_IN_REPRODUCTION","GOBP_DEVELOPMENTAL_PROCESS_INVOLVED_IN_REPRODUCTION","3/25","13/92",0.748827246268817,0.994722215760945,0.994722215760945,"5926/55706/23353",3
"GOBP_POSITIVE_REGULATION_OF_GENE_EXPRESSION","GOBP_POSITIVE_REGULATION_OF_GENE_EXPRESSION","GOBP_POSITIVE_REGULATION_OF_GENE_EXPRESSION","3/25","13/92",0.748827246268817,0.994722215760945,0.994722215760945,"22900/3192/4928",3
"GOBP_REGULATION_OF_PROTEIN_PHOSPHORYLATION","GOBP_REGULATION_OF_PROTEIN_PHOSPHORYLATION","GOBP_REGULATION_OF_PROTEIN_PHOSPHORYLATION","3/25","13/92",0.748827246268817,0.994722215760945,0.994722215760945,"8841/4771/5170",3
"GOBP_RESPONSE_TO_ENDOGENOUS_STIMULUS","GOBP_RESPONSE_TO_ENDOGENOUS_STIMULUS","GOBP_RESPONSE_TO_ENDOGENOUS_STIMULUS","3/25","13/92",0.748827246268817,0.994722215760945,0.994722215760945,"3192/5170/6597",3
"HP_ABNORMALITY_OF_BLOOD_CIRCULATION","HP_ABNORMALITY_OF_BLOOD_CIRCULATION","HP_ABNORMALITY_OF_BLOOD_CIRCULATION","3/25","13/92",0.748827246268817,0.994722215760945,0.994722215760945,"4771/5903/5921",3
"HP_ABNORMALITY_OF_THE_CURVATURE_OF_THE_VERTEBRAL_COLUMN","HP_ABNORMALITY_OF_THE_CURVATURE_OF_THE_VERTEBRAL_COLUMN","HP_ABNORMALITY_OF_THE_CURVATURE_OF_THE_VERTEBRAL_COLUMN","3/25","13/92",0.748827246268817,0.994722215760945,0.994722215760945,"3192/4001/6597",3
"HP_ABNORMALITY_OF_THE_FOREHEAD","HP_ABNORMALITY_OF_THE_FOREHEAD","HP_ABNORMALITY_OF_THE_FOREHEAD","3/25","13/92",0.748827246268817,0.994722215760945,0.994722215760945,"3192/4001/6597",3
"HP_VENTRICULOMEGALY","HP_VENTRICULOMEGALY","HP_VENTRICULOMEGALY","3/25","13/92",0.748827246268817,0.994722215760945,0.994722215760945,"3192/4001/6597",3
"GOBP_LOCOMOTION","GOBP_LOCOMOTION","GOBP_LOCOMOTION","4/25","18/92",0.791240725669434,0.994722215760945,0.994722215760945,"23077/4771/5170/23353",4
"GOBP_MITOTIC_CELL_CYCLE","GOBP_MITOTIC_CELL_CYCLE","GOBP_MITOTIC_CELL_CYCLE","4/25","18/92",0.791240725669434,0.994722215760945,0.994722215760945,"23399/11319/3192/5921",4
"HP_PAIN","HP_PAIN","HP_PAIN","4/25","18/92",0.791240725669434,0.994722215760945,0.994722215760945,"22900/4001/4771/5921",4
"GOBP_POSITIVE_REGULATION_OF_PROTEIN_MODIFICATION_PROCESS","GOBP_POSITIVE_REGULATION_OF_PROTEIN_MODIFICATION_PROCESS","GOBP_POSITIVE_REGULATION_OF_PROTEIN_MODIFICATION_PROCESS","3/25","14/92",0.799096168927983,0.994722215760945,0.994722215760945,"8841/23077/5170",3
"HP_LOCALIZED_SKIN_LESION","HP_LOCALIZED_SKIN_LESION","HP_LOCALIZED_SKIN_LESION","3/25","14/92",0.799096168927983,0.994722215760945,0.994722215760945,"3192/4771/5921",3
"GOBP_AMIDE_BIOSYNTHETIC_PROCESS","GOBP_AMIDE_BIOSYNTHETIC_PROCESS","GOBP_AMIDE_BIOSYNTHETIC_PROCESS","2/25","10/92",0.817362604427866,0.994722215760945,0.994722215760945,"64834/3192",2
"GOBP_NEGATIVE_REGULATION_OF_DEVELOPMENTAL_PROCESS","GOBP_NEGATIVE_REGULATION_OF_DEVELOPMENTAL_PROCESS","GOBP_NEGATIVE_REGULATION_OF_DEVELOPMENTAL_PROCESS","2/25","10/92",0.817362604427866,0.994722215760945,0.994722215760945,"8841/3192",2
"GOCC_CHROMOSOMAL_REGION","GOCC_CHROMOSOMAL_REGION","GOCC_CHROMOSOMAL_REGION","2/25","10/92",0.817362604427866,0.994722215760945,0.994722215760945,"3192/4928",2
"HP_ABNORMAL_CARDIAC_ATRIUM_MORPHOLOGY","HP_ABNORMAL_CARDIAC_ATRIUM_MORPHOLOGY","HP_ABNORMAL_CARDIAC_ATRIUM_MORPHOLOGY","2/25","10/92",0.817362604427866,0.994722215760945,0.994722215760945,"4001/6597",2
"HP_THIN_VERMILION_BORDER","HP_THIN_VERMILION_BORDER","HP_THIN_VERMILION_BORDER","2/25","10/92",0.817362604427866,0.994722215760945,0.994722215760945,"3192/6597",2
"GOBP_REGULATION_OF_PROTEIN_MODIFICATION_PROCESS","GOBP_REGULATION_OF_PROTEIN_MODIFICATION_PROCESS","GOBP_REGULATION_OF_PROTEIN_MODIFICATION_PROCESS","4/25","19/92",0.831498175211632,0.994722215760945,0.994722215760945,"8841/23077/4771/5170",4
"GOCC_ENDOPLASMIC_RETICULUM","GOCC_ENDOPLASMIC_RETICULUM","GOCC_ENDOPLASMIC_RETICULUM","4/25","19/92",0.831498175211632,0.994722215760945,0.994722215760945,"23399/64834/80856/10430",4
"HP_ABNORMAL_RESPIRATORY_SYSTEM_MORPHOLOGY","HP_ABNORMAL_RESPIRATORY_SYSTEM_MORPHOLOGY","HP_ABNORMAL_RESPIRATORY_SYSTEM_MORPHOLOGY","4/25","19/92",0.831498175211632,0.994722215760945,0.994722215760945,"4001/5903/5921/6597",4
"HP_MUSCLE_WEAKNESS","HP_MUSCLE_WEAKNESS","HP_MUSCLE_WEAKNESS","4/25","19/92",0.831498175211632,0.994722215760945,0.994722215760945,"4001/4771/5903/5921",4
"GOBP_MEMBRANE_ORGANIZATION","GOBP_MEMBRANE_ORGANIZATION","GOBP_MEMBRANE_ORGANIZATION","3/25","15/92",0.841201762266429,0.994722215760945,0.994722215760945,"23399/4001/23353",3
"HP_ABNORMAL_BLEEDING","HP_ABNORMAL_BLEEDING","HP_ABNORMAL_BLEEDING","3/25","15/92",0.841201762266429,0.994722215760945,0.994722215760945,"4771/5903/5921",3
"HP_ABNORMAL_EYELID_MORPHOLOGY","HP_ABNORMAL_EYELID_MORPHOLOGY","HP_ABNORMAL_EYELID_MORPHOLOGY","3/25","15/92",0.841201762266429,0.994722215760945,0.994722215760945,"3192/4001/6597",3
"HP_ABNORMAL_LIP_MORPHOLOGY","HP_ABNORMAL_LIP_MORPHOLOGY","HP_ABNORMAL_LIP_MORPHOLOGY","3/25","15/92",0.841201762266429,0.994722215760945,0.994722215760945,"3192/4001/6597",3
"HP_DECREASED_HEAD_CIRCUMFERENCE","HP_DECREASED_HEAD_CIRCUMFERENCE","HP_DECREASED_HEAD_CIRCUMFERENCE","3/25","15/92",0.841201762266429,0.994722215760945,0.994722215760945,"3192/4001/6597",3
"GOBP_POSITIVE_REGULATION_OF_CELLULAR_COMPONENT_ORGANIZATION","GOBP_POSITIVE_REGULATION_OF_CELLULAR_COMPONENT_ORGANIZATION","GOBP_POSITIVE_REGULATION_OF_CELLULAR_COMPONENT_ORGANIZATION","2/25","11/92",0.860751279334138,0.994722215760945,0.994722215760945,"80856/4771",2
"GOBP_REGULATION_OF_MITOTIC_CELL_CYCLE","GOBP_REGULATION_OF_MITOTIC_CELL_CYCLE","GOBP_REGULATION_OF_MITOTIC_CELL_CYCLE","2/25","11/92",0.860751279334138,0.994722215760945,0.994722215760945,"11319/3192",2
"GOCC_NUCLEAR_BODY","GOCC_NUCLEAR_BODY","GOCC_NUCLEAR_BODY","2/25","11/92",0.860751279334138,0.994722215760945,0.994722215760945,"3192/4928",2
"HP_ABNORMAL_EYEBROW_MORPHOLOGY","HP_ABNORMAL_EYEBROW_MORPHOLOGY","HP_ABNORMAL_EYEBROW_MORPHOLOGY","2/25","11/92",0.860751279334138,0.994722215760945,0.994722215760945,"3192/6597",2
"HP_ABNORMAL_VASCULAR_MORPHOLOGY","HP_ABNORMAL_VASCULAR_MORPHOLOGY","HP_ABNORMAL_VASCULAR_MORPHOLOGY","2/25","11/92",0.860751279334138,0.994722215760945,0.994722215760945,"5921/6597",2
"HP_ABNORMALITY_OF_MUSCLE_SIZE","HP_ABNORMALITY_OF_MUSCLE_SIZE","HP_ABNORMALITY_OF_MUSCLE_SIZE","2/25","11/92",0.860751279334138,0.994722215760945,0.994722215760945,"5921/6597",2
"HP_ABNORMALITY_OF_THE_URINARY_SYSTEM_PHYSIOLOGY","HP_ABNORMALITY_OF_THE_URINARY_SYSTEM_PHYSIOLOGY","HP_ABNORMALITY_OF_THE_URINARY_SYSTEM_PHYSIOLOGY","2/25","11/92",0.860751279334138,0.994722215760945,0.994722215760945,"4001/5921",2
"HP_HYPERTELORISM","HP_HYPERTELORISM","HP_HYPERTELORISM","2/25","11/92",0.860751279334138,0.994722215760945,0.994722215760945,"3192/4001",2
"HP_CONSTITUTIONAL_SYMPTOM","HP_CONSTITUTIONAL_SYMPTOM","HP_CONSTITUTIONAL_SYMPTOM","4/25","20/92",0.86555156574904,0.994722215760945,0.994722215760945,"22900/4001/4771/5921",4
"HP_ABNORMALITY_OF_GLOBE_LOCATION","HP_ABNORMALITY_OF_GLOBE_LOCATION","HP_ABNORMALITY_OF_GLOBE_LOCATION","3/25","16/92",0.875904174358556,0.994722215760945,0.994722215760945,"3192/4001/4771",3
"GOBP_NEGATIVE_REGULATION_OF_CELL_POPULATION_PROLIFERATION","GOBP_NEGATIVE_REGULATION_OF_CELL_POPULATION_PROLIFERATION","GOBP_NEGATIVE_REGULATION_OF_CELL_POPULATION_PROLIFERATION","2/25","12/92",0.894926556605991,0.994722215760945,0.994722215760945,"4771/55423",2
"GOBP_NEGATIVE_REGULATION_OF_GENE_EXPRESSION","GOBP_NEGATIVE_REGULATION_OF_GENE_EXPRESSION","GOBP_NEGATIVE_REGULATION_OF_GENE_EXPRESSION","2/25","12/92",0.894926556605991,0.994722215760945,0.994722215760945,"22900/3192",2
"HP_ABNORMALITY_OF_REPRODUCTIVE_SYSTEM_PHYSIOLOGY","HP_ABNORMALITY_OF_REPRODUCTIVE_SYSTEM_PHYSIOLOGY","HP_ABNORMALITY_OF_REPRODUCTIVE_SYSTEM_PHYSIOLOGY","2/25","12/92",0.894926556605991,0.994722215760945,0.994722215760945,"4001/4771",2
"HP_APLASIA_HYPOPLASIA_INVOLVING_THE_SKELETON","HP_APLASIA_HYPOPLASIA_INVOLVING_THE_SKELETON","HP_APLASIA_HYPOPLASIA_INVOLVING_THE_SKELETON","2/25","12/92",0.894926556605991,0.994722215760945,0.994722215760945,"3192/6597",2
"GOBP_REGULATION_OF_CELL_CYCLE","GOBP_REGULATION_OF_CELL_CYCLE","GOBP_REGULATION_OF_CELL_CYCLE","3/25","17/92",0.904083576658929,0.994722215760945,0.994722215760945,"11319/3192/4771",3
"GOBP_ORGANONITROGEN_COMPOUND_BIOSYNTHETIC_PROCESS","GOBP_ORGANONITROGEN_COMPOUND_BIOSYNTHETIC_PROCESS","GOBP_ORGANONITROGEN_COMPOUND_BIOSYNTHETIC_PROCESS","2/25","13/92",0.921490067576387,0.994722215760945,0.994722215760945,"64834/3192",2
"HP_ABNORMAL_HAIR_QUANTITY","HP_ABNORMAL_HAIR_QUANTITY","HP_ABNORMAL_HAIR_QUANTITY","2/25","13/92",0.921490067576387,0.994722215760945,0.994722215760945,"3192/6597",2
"HP_ABNORMAL_INTESTINE_MORPHOLOGY","HP_ABNORMAL_INTESTINE_MORPHOLOGY","HP_ABNORMAL_INTESTINE_MORPHOLOGY","2/25","13/92",0.921490067576387,0.994722215760945,0.994722215760945,"22900/3192",2
"HP_ABNORMAL_NASAL_BRIDGE_MORPHOLOGY","HP_ABNORMAL_NASAL_BRIDGE_MORPHOLOGY","HP_ABNORMAL_NASAL_BRIDGE_MORPHOLOGY","2/25","13/92",0.921490067576387,0.994722215760945,0.994722215760945,"4001/6597",2
"HP_ABNORMALITY_OF_DIGESTIVE_SYSTEM_MORPHOLOGY","HP_ABNORMALITY_OF_DIGESTIVE_SYSTEM_MORPHOLOGY","HP_ABNORMALITY_OF_DIGESTIVE_SYSTEM_MORPHOLOGY","2/25","13/92",0.921490067576387,0.994722215760945,0.994722215760945,"22900/3192",2
"HP_ABNORMALITY_OF_THE_DENTITION","HP_ABNORMALITY_OF_THE_DENTITION","HP_ABNORMALITY_OF_THE_DENTITION","2/25","13/92",0.921490067576387,0.994722215760945,0.994722215760945,"4001/6597",2
"HP_ABNORMAL_HAIR_MORPHOLOGY","HP_ABNORMAL_HAIR_MORPHOLOGY","HP_ABNORMAL_HAIR_MORPHOLOGY","3/25","18/92",0.926652146856828,0.994722215760945,0.994722215760945,"3192/4001/6597",3
"GOBP_CELLULAR_AMIDE_METABOLIC_PROCESS","GOBP_CELLULAR_AMIDE_METABOLIC_PROCESS","GOBP_CELLULAR_AMIDE_METABOLIC_PROCESS","2/25","14/92",0.941889050684454,0.994722215760945,0.994722215760945,"64834/3192",2
"GOBP_REGULATION_OF_CELL_CYCLE_PROCESS","GOBP_REGULATION_OF_CELL_CYCLE_PROCESS","GOBP_REGULATION_OF_CELL_CYCLE_PROCESS","2/25","14/92",0.941889050684454,0.994722215760945,0.994722215760945,"11319/3192",2
"HP_ABNORMALITY_OF_THE_CALVARIA","HP_ABNORMALITY_OF_THE_CALVARIA","HP_ABNORMALITY_OF_THE_CALVARIA","2/25","14/92",0.941889050684454,0.994722215760945,0.994722215760945,"3192/4001",2
"GOCC_CHROMOSOME","GOCC_CHROMOSOME","GOCC_CHROMOSOME","3/25","20/92",0.958424449032878,0.994722215760945,0.994722215760945,"3192/4928/6597",3
"GOBP_IMMUNE_SYSTEM_DEVELOPMENT","GOBP_IMMUNE_SYSTEM_DEVELOPMENT","GOBP_IMMUNE_SYSTEM_DEVELOPMENT","1/25","10/92",0.965607243690962,0.994722215760945,0.994722215760945,"5926",1
"GOBP_PEPTIDE_METABOLIC_PROCESS","GOBP_PEPTIDE_METABOLIC_PROCESS","GOBP_PEPTIDE_METABOLIC_PROCESS","1/25","10/92",0.965607243690962,0.994722215760945,0.994722215760945,"3192",1
"GOBP_REGULATION_OF_CELL_CYCLE_PHASE_TRANSITION","GOBP_REGULATION_OF_CELL_CYCLE_PHASE_TRANSITION","GOBP_REGULATION_OF_CELL_CYCLE_PHASE_TRANSITION","1/25","10/92",0.965607243690962,0.994722215760945,0.994722215760945,"11319",1
"GOBP_REGULATION_OF_CELLULAR_MACROMOLECULE_BIOSYNTHETIC_PROCESS","GOBP_REGULATION_OF_CELLULAR_MACROMOLECULE_BIOSYNTHETIC_PROCESS","GOBP_REGULATION_OF_CELLULAR_MACROMOLECULE_BIOSYNTHETIC_PROCESS","1/25","10/92",0.965607243690962,0.994722215760945,0.994722215760945,"3192",1
"GOBP_RESPONSE_TO_GROWTH_FACTOR","GOBP_RESPONSE_TO_GROWTH_FACTOR","GOBP_RESPONSE_TO_GROWTH_FACTOR","1/25","10/92",0.965607243690962,0.994722215760945,0.994722215760945,"5170",1
"GOCC_CHROMATIN","GOCC_CHROMATIN","GOCC_CHROMATIN","1/25","10/92",0.965607243690962,0.994722215760945,0.994722215760945,"6597",1
"HP_ABNORMALITY_OF_SKIN_PIGMENTATION","HP_ABNORMALITY_OF_SKIN_PIGMENTATION","HP_ABNORMALITY_OF_SKIN_PIGMENTATION","1/25","10/92",0.965607243690962,0.994722215760945,0.994722215760945,"4771",1
"HP_ABNORMALITY_OF_THE_LENS","HP_ABNORMALITY_OF_THE_LENS","HP_ABNORMALITY_OF_THE_LENS","1/25","10/92",0.965607243690962,0.994722215760945,0.994722215760945,"4771",1
"HP_APLASIA_HYPOPLASIA_AFFECTING_BONES_OF_THE_AXIAL_SKELETON","HP_APLASIA_HYPOPLASIA_AFFECTING_BONES_OF_THE_AXIAL_SKELETON","HP_APLASIA_HYPOPLASIA_AFFECTING_BONES_OF_THE_AXIAL_SKELETON","1/25","10/92",0.965607243690962,0.994722215760945,0.994722215760945,"3192",1
"HP_HYPERPIGMENTATION_OF_THE_SKIN","HP_HYPERPIGMENTATION_OF_THE_SKIN","HP_HYPERPIGMENTATION_OF_THE_SKIN","1/25","10/92",0.965607243690962,0.994722215760945,0.994722215760945,"4771",1
"HP_PTOSIS","HP_PTOSIS","HP_PTOSIS","1/25","10/92",0.965607243690962,0.994722215760945,0.994722215760945,"6597",1
"GOBP_CELL_CYCLE_PHASE_TRANSITION","GOBP_CELL_CYCLE_PHASE_TRANSITION","GOBP_CELL_CYCLE_PHASE_TRANSITION","1/25","11/92",0.976092840126644,0.994722215760945,0.994722215760945,"11319",1
"GOBP_NEGATIVE_REGULATION_OF_MULTICELLULAR_ORGANISMAL_PROCESS","GOBP_NEGATIVE_REGULATION_OF_MULTICELLULAR_ORGANISMAL_PROCESS","GOBP_NEGATIVE_REGULATION_OF_MULTICELLULAR_ORGANISMAL_PROCESS","1/25","11/92",0.976092840126644,0.994722215760945,0.994722215760945,"22900",1
"GOBP_REGULATION_OF_RESPONSE_TO_STRESS","GOBP_REGULATION_OF_RESPONSE_TO_STRESS","GOBP_REGULATION_OF_RESPONSE_TO_STRESS","1/25","11/92",0.976092840126644,0.994722215760945,0.994722215760945,"8841",1
"HP_ABNORMAL_PALATE_MORPHOLOGY","HP_ABNORMAL_PALATE_MORPHOLOGY","HP_ABNORMAL_PALATE_MORPHOLOGY","1/25","11/92",0.976092840126644,0.994722215760945,0.994722215760945,"3192",1
"HP_ABNORMAL_TESTIS_MORPHOLOGY","HP_ABNORMAL_TESTIS_MORPHOLOGY","HP_ABNORMAL_TESTIS_MORPHOLOGY","1/25","11/92",0.976092840126644,0.994722215760945,0.994722215760945,"6597",1
"HP_ABNORMALITY_OF_LONG_BONE_MORPHOLOGY","HP_ABNORMALITY_OF_LONG_BONE_MORPHOLOGY","HP_ABNORMALITY_OF_LONG_BONE_MORPHOLOGY","1/25","11/92",0.976092840126644,0.994722215760945,0.994722215760945,"5921",1
"GOBP_DNA_METABOLIC_PROCESS","GOBP_DNA_METABOLIC_PROCESS","GOBP_DNA_METABOLIC_PROCESS","1/25","12/92",0.983471593173976,0.994722215760945,0.994722215760945,"3192",1
"HP_ABNORMAL_CIRCULATING_METABOLITE_CONCENTRATION","HP_ABNORMAL_CIRCULATING_METABOLITE_CONCENTRATION","HP_ABNORMAL_CIRCULATING_METABOLITE_CONCENTRATION","1/25","12/92",0.983471593173976,0.994722215760945,0.994722215760945,"5921",1
"HP_ABNORMAL_EXTERNAL_GENITALIA","HP_ABNORMAL_EXTERNAL_GENITALIA","HP_ABNORMAL_EXTERNAL_GENITALIA","1/25","12/92",0.983471593173976,0.994722215760945,0.994722215760945,"6597",1
"HP_ABNORMAL_RETINAL_MORPHOLOGY","HP_ABNORMAL_RETINAL_MORPHOLOGY","HP_ABNORMAL_RETINAL_MORPHOLOGY","1/25","12/92",0.983471593173976,0.994722215760945,0.994722215760945,"4771",1
"HP_ABNORMAL_TENDON_MORPHOLOGY","HP_ABNORMAL_TENDON_MORPHOLOGY","HP_ABNORMAL_TENDON_MORPHOLOGY","1/25","12/92",0.983471593173976,0.994722215760945,0.994722215760945,"4001",1
"HP_GENERALIZED_ABNORMALITY_OF_SKIN","HP_GENERALIZED_ABNORMALITY_OF_SKIN","HP_GENERALIZED_ABNORMALITY_OF_SKIN","1/25","12/92",0.983471593173976,0.994722215760945,0.994722215760945,"5921",1
"GOBP_CELLULAR_RESPONSE_TO_STRESS","GOBP_CELLULAR_RESPONSE_TO_STRESS","GOBP_CELLULAR_RESPONSE_TO_STRESS","1/25","13/92",0.988636720307109,0.994722215760945,0.994722215760945,"8841",1
"HP_ABNORMAL_ANTERIOR_EYE_SEGMENT_MORPHOLOGY","HP_ABNORMAL_ANTERIOR_EYE_SEGMENT_MORPHOLOGY","HP_ABNORMAL_ANTERIOR_EYE_SEGMENT_MORPHOLOGY","1/25","13/92",0.988636720307109,0.994722215760945,0.994722215760945,"4771",1
"HP_ABNORMALITY_OF_FINGER","HP_ABNORMALITY_OF_FINGER","HP_ABNORMALITY_OF_FINGER","1/25","13/92",0.988636720307109,0.994722215760945,0.994722215760945,"6597",1
"HP_ABNORMALITY_OF_THE_ABDOMINAL_ORGANS","HP_ABNORMALITY_OF_THE_ABDOMINAL_ORGANS","HP_ABNORMALITY_OF_THE_ABDOMINAL_ORGANS","1/25","13/92",0.988636720307109,0.994722215760945,0.994722215760945,"6597",1
"HP_ABNORMALITY_OF_THE_PINNA","HP_ABNORMALITY_OF_THE_PINNA","HP_ABNORMALITY_OF_THE_PINNA","1/25","13/92",0.988636720307109,0.994722215760945,0.994722215760945,"4001",1
"GOBP_RESPONSE_TO_ABIOTIC_STIMULUS","GOBP_RESPONSE_TO_ABIOTIC_STIMULUS","GOBP_RESPONSE_TO_ABIOTIC_STIMULUS","1/25","14/92",0.992232694893467,0.994722215760945,0.994722215760945,"5170",1
"HP_ABNORMAL_FACIAL_SHAPE","HP_ABNORMAL_FACIAL_SHAPE","HP_ABNORMAL_FACIAL_SHAPE","1/25","14/92",0.992232694893467,0.994722215760945,0.994722215760945,"6597",1
"HP_ABNORMAL_JAW_MORPHOLOGY","HP_ABNORMAL_JAW_MORPHOLOGY","HP_ABNORMAL_JAW_MORPHOLOGY","1/25","14/92",0.992232694893467,0.994722215760945,0.994722215760945,"3192",1
"GOBP_CELLULAR_MACROMOLECULE_BIOSYNTHETIC_PROCESS","GOBP_CELLULAR_MACROMOLECULE_BIOSYNTHETIC_PROCESS","GOBP_CELLULAR_MACROMOLECULE_BIOSYNTHETIC_PROCESS","1/25","15/92",0.994722215760945,0.994722215760945,0.994722215760945,"3192",1
"HP_ABNORMALITY_OF_FACIAL_SKELETON","HP_ABNORMALITY_OF_FACIAL_SKELETON","HP_ABNORMALITY_OF_FACIAL_SKELETON","1/25","15/92",0.994722215760945,0.994722215760945,0.994722215760945,"3192",1
"HP_ABNORMALITY_OF_THE_OUTER_EAR","HP_ABNORMALITY_OF_THE_OUTER_EAR","HP_ABNORMALITY_OF_THE_OUTER_EAR","1/25","15/92",0.994722215760945,0.994722215760945,0.994722215760945,"4001",1
