"","ID","Description","overlap.term","size.sig","/","size.term","size.screen","pvalue","p.adjust","qvalue","geneID","Count","test","hit.ratio","screen.ratio","enrichment_score"
"REACTOME_CYTOKINE_SIGNALING_IN_IMMUNE_SYSTEM","REACTOME_CYTOKINE_SIGNALING_IN_IMMUNE_SYSTEM","REACTOME_CYTOKINE_SIGNALING_IN_IMMUNE_SYSTEM","6","25",NA,"12","93",0.0609391564706843,0.532253447260836,0.532253447260836,"4001/55706/4928/5700/5903/6597",6,"results_C2_R",0.24,0.129032258064516,1.86
"FISCHER_DREAM_TARGETS","FISCHER_DREAM_TARGETS","FISCHER_DREAM_TARGETS","7","25",NA,"16","93",0.0894748694836949,0.532253447260836,0.532253447260836,"81624/3192/4001/80856/55706/4771/4928",7,"results_C2_R",0.28,0.172043010752688,1.6275
"KIM_ALL_DISORDERS_OLIGODENDROCYTE_NUMBER_CORR_UP","KIM_ALL_DISORDERS_OLIGODENDROCYTE_NUMBER_CORR_UP","KIM_ALL_DISORDERS_OLIGODENDROCYTE_NUMBER_CORR_UP","5","25",NA,"10","93",0.0897042354350695,0.532253447260836,0.532253447260836,"23399/5700/5921/6597/10430",5,"results_C2_R",0.2,0.10752688172043,1.86
"REACTOME_MITOTIC_METAPHASE_AND_ANAPHASE","REACTOME_MITOTIC_METAPHASE_AND_ANAPHASE","REACTOME_MITOTIC_METAPHASE_AND_ANAPHASE","5","25",NA,"10","93",0.0897042354350695,0.532253447260836,0.532253447260836,"4001/55706/4928/5700/5903",5,"results_C2_R",0.2,0.10752688172043,1.86
"REACTOME_CELLULAR_RESPONSES_TO_STIMULI","REACTOME_CELLULAR_RESPONSES_TO_STIMULI","REACTOME_CELLULAR_RESPONSES_TO_STIMULI","6","25",NA,"13","93",0.0914679206376789,0.532253447260836,0.532253447260836,"8841/4001/55706/4928/5700/5903",6,"results_C2_R",0.24,0.139784946236559,1.71692307692308
"REACTOME_INFECTIOUS_DISEASE","REACTOME_INFECTIOUS_DISEASE","REACTOME_INFECTIOUS_DISEASE","6","25",NA,"13","93",0.0914679206376789,0.532253447260836,0.532253447260836,"5926/8841/55706/4928/5700/5903",6,"results_C2_R",0.24,0.139784946236559,1.71692307692308
"DACOSTA_UV_RESPONSE_VIA_ERCC3_DN","DACOSTA_UV_RESPONSE_VIA_ERCC3_DN","DACOSTA_UV_RESPONSE_VIA_ERCC3_DN","7","25",NA,"17","93",0.12283996701763,0.532253447260836,0.532253447260836,"5926/23271/4001/23077/4928/5903/5921",7,"results_C2_R",0.28,0.182795698924731,1.53176470588235
"REACTOME_SIGNALING_BY_RHO_GTPASES_MIRO_GTPASES_AND_RHOBTB3","REACTOME_SIGNALING_BY_RHO_GTPASES_MIRO_GTPASES_AND_RHOBTB3","REACTOME_SIGNALING_BY_RHO_GTPASES_MIRO_GTPASES_AND_RHOBTB3","6","25",NA,"14","93",0.129294967488346,0.532253447260836,0.532253447260836,"81624/4001/4771/4928/5170/5903",6,"results_C2_R",0.24,0.150537634408602,1.59428571428571
"MARSON_BOUND_BY_FOXP3_UNSTIMULATED","MARSON_BOUND_BY_FOXP3_UNSTIMULATED","MARSON_BOUND_BY_FOXP3_UNSTIMULATED","5","25",NA,"11","93",0.133063361815209,0.532253447260836,0.532253447260836,"3192/4771/5700/5903/10430",5,"results_C2_R",0.2,0.118279569892473,1.69090909090909
"REACTOME_NUCLEAR_ENVELOPE_BREAKDOWN","REACTOME_NUCLEAR_ENVELOPE_BREAKDOWN","REACTOME_NUCLEAR_ENVELOPE_BREAKDOWN","5","25",NA,"11","93",0.133063361815209,0.532253447260836,0.532253447260836,"23399/4001/55706/4928/5903",5,"results_C2_R",0.2,0.118279569892473,1.69090909090909
"HOUNKPE_HOUSEKEEPING_GENES","HOUNKPE_HOUSEKEEPING_GENES","HOUNKPE_HOUSEKEEPING_GENES","7","25",NA,"18","93",0.162191625113874,0.589787727686815,0.589787727686815,"23399/3192/23077/5170/5700/5903/10430",7,"results_C2_R",0.28,0.193548387096774,1.44666666666667
"REACTOME_MITOTIC_PROPHASE","REACTOME_MITOTIC_PROPHASE","REACTOME_MITOTIC_PROPHASE","5","25",NA,"12","93",0.184580651347013,0.589992840847594,0.589992840847594,"23399/4001/55706/4928/5903",5,"results_C2_R",0.2,0.129032258064516,1.55
"DODD_NASOPHARYNGEAL_CARCINOMA_DN","DODD_NASOPHARYNGEAL_CARCINOMA_DN","DODD_NASOPHARYNGEAL_CARCINOMA_DN","6","25",NA,"16","93",0.22469131738438,0.589992840847594,0.589992840847594,"81624/3192/4001/55706/5903/6597",6,"results_C2_R",0.24,0.172043010752688,1.395
"REACTOME_M_PHASE","REACTOME_M_PHASE","REACTOME_M_PHASE","6","25",NA,"16","93",0.22469131738438,0.589992840847594,0.589992840847594,"23399/4001/55706/4928/5700/5903",6,"results_C2_R",0.24,0.172043010752688,1.395
"REACTOME_CELL_CYCLE","REACTOME_CELL_CYCLE","REACTOME_CELL_CYCLE","7","25",NA,"20","93",0.256669965660038,0.589992840847594,0.589992840847594,"23399/4001/55706/4928/5700/5903/23353",7,"results_C2_R",0.28,0.21505376344086,1.302
"BENPORATH_CYCLING_GENES","BENPORATH_CYCLING_GENES","BENPORATH_CYCLING_GENES","4","25",NA,"10","93",0.261076020651812,0.589992840847594,0.589992840847594,"8841/4001/23077/4928",4,"results_C2_R",0.16,0.10752688172043,1.488
"KIM_BIPOLAR_DISORDER_OLIGODENDROCYTE_DENSITY_CORR_UP","KIM_BIPOLAR_DISORDER_OLIGODENDROCYTE_DENSITY_CORR_UP","KIM_BIPOLAR_DISORDER_OLIGODENDROCYTE_DENSITY_CORR_UP","4","25",NA,"10","93",0.261076020651812,0.589992840847594,0.589992840847594,"23271/5700/5921/10430",4,"results_C2_R",0.16,0.10752688172043,1.488
"DIAZ_CHRONIC_MYELOGENOUS_LEUKEMIA_UP","DIAZ_CHRONIC_MYELOGENOUS_LEUKEMIA_UP","DIAZ_CHRONIC_MYELOGENOUS_LEUKEMIA_UP","6","25",NA,"17","93",0.280246599402607,0.589992840847594,0.589992840847594,"11319/8841/4928/5700/5903/5921",6,"results_C2_R",0.24,0.182795698924731,1.31294117647059
"REACTOME_CELL_CYCLE_MITOTIC","REACTOME_CELL_CYCLE_MITOTIC","REACTOME_CELL_CYCLE_MITOTIC","6","25",NA,"17","93",0.280246599402607,0.589992840847594,0.589992840847594,"23399/4001/55706/4928/5700/5903",6,"results_C2_R",0.24,0.182795698924731,1.31294117647059
"DACOSTA_UV_RESPONSE_VIA_ERCC3_COMMON_DN","DACOSTA_UV_RESPONSE_VIA_ERCC3_COMMON_DN","DACOSTA_UV_RESPONSE_VIA_ERCC3_COMMON_DN","4","25",NA,"11","93",0.334226111415584,0.668452222831168,0.668452222831168,"23271/23077/4928/5921",4,"results_C2_R",0.16,0.118279569892473,1.35272727272727
"GRAESSMANN_APOPTOSIS_BY_DOXORUBICIN_DN","GRAESSMANN_APOPTOSIS_BY_DOXORUBICIN_DN","GRAESSMANN_APOPTOSIS_BY_DOXORUBICIN_DN","6","25",NA,"19","93",0.400299427102379,0.711389289478035,0.711389289478035,"81624/8841/3192/4001/4771/11270",6,"results_C2_R",0.24,0.204301075268817,1.17473684210526
"DANG_BOUND_BY_MYC","DANG_BOUND_BY_MYC","DANG_BOUND_BY_MYC","4","25",NA,"12","93",0.40904884144987,0.711389289478035,0.711389289478035,"5926/64834/8841/5170",4,"results_C2_R",0.16,0.129032258064516,1.24
"YOSHIMURA_MAPK8_TARGETS_DN","YOSHIMURA_MAPK8_TARGETS_DN","YOSHIMURA_MAPK8_TARGETS_DN","4","25",NA,"12","93",0.40904884144987,0.711389289478035,0.711389289478035,"23077/4928/5170/6597",4,"results_C2_R",0.16,0.129032258064516,1.24
"MARSON_BOUND_BY_E2F4_UNSTIMULATED","MARSON_BOUND_BY_E2F4_UNSTIMULATED","MARSON_BOUND_BY_E2F4_UNSTIMULATED","3","25",NA,"10","93",0.537051363078773,0.820442212232503,0.820442212232503,"81624/55706/11270",3,"results_C2_R",0.12,0.10752688172043,1.116
"PUJANA_BRCA2_PCC_NETWORK","PUJANA_BRCA2_PCC_NETWORK","PUJANA_BRCA2_PCC_NETWORK","3","25",NA,"10","93",0.537051363078773,0.820442212232503,0.820442212232503,"8841/4001/6597",3,"results_C2_R",0.12,0.10752688172043,1.116
"WEI_MYCN_TARGETS_WITH_E_BOX","WEI_MYCN_TARGETS_WITH_E_BOX","WEI_MYCN_TARGETS_WITH_E_BOX","3","25",NA,"10","93",0.537051363078773,0.820442212232503,0.820442212232503,"3192/55706/6597",3,"results_C2_R",0.12,0.10752688172043,1.116
"REACTOME_RNA_POLYMERASE_II_TRANSCRIPTION","REACTOME_RNA_POLYMERASE_II_TRANSCRIPTION","REACTOME_RNA_POLYMERASE_II_TRANSCRIPTION","4","25",NA,"14","93",0.55379849325694,0.820442212232503,0.820442212232503,"8841/5170/5700/6597",4,"results_C2_R",0.16,0.150537634408602,1.06285714285714
"BLALOCK_ALZHEIMERS_DISEASE_DN","BLALOCK_ALZHEIMERS_DISEASE_DN","BLALOCK_ALZHEIMERS_DISEASE_DN","3","25",NA,"11","93",0.613110832452468,0.854318313860887,0.854318313860887,"4771/5903/10430",3,"results_C2_R",0.12,0.118279569892473,1.01454545454545
"REACTOME_POST_TRANSLATIONAL_PROTEIN_MODIFICATION","REACTOME_POST_TRANSLATIONAL_PROTEIN_MODIFICATION","REACTOME_POST_TRANSLATIONAL_PROTEIN_MODIFICATION","4","25",NA,"15","93",0.620001870995327,0.854318313860887,0.854318313860887,"55706/4928/5700/5903",4,"results_C2_R",0.16,0.161290322580645,0.992
"BLALOCK_ALZHEIMERS_DISEASE_UP","BLALOCK_ALZHEIMERS_DISEASE_UP","BLALOCK_ALZHEIMERS_DISEASE_UP","4","25",NA,"16","93",0.680476110275584,0.854318313860887,0.854318313860887,"5926/4001/4928/6275",4,"results_C2_R",0.16,0.172043010752688,0.93
"KINSEY_TARGETS_OF_EWSR1_FLII_FUSION_UP","KINSEY_TARGETS_OF_EWSR1_FLII_FUSION_UP","KINSEY_TARGETS_OF_EWSR1_FLII_FUSION_UP","3","25",NA,"12","93",0.681131496120001,0.854318313860887,0.854318313860887,"3192/4001/55706",3,"results_C2_R",0.12,0.129032258064516,0.93
"PUJANA_BRCA1_PCC_NETWORK","PUJANA_BRCA1_PCC_NETWORK","PUJANA_BRCA1_PCC_NETWORK","5","25",NA,"20","93",0.68345465108871,0.854318313860887,0.854318313860887,"11319/8841/3192/4001/6597",5,"results_C2_R",0.2,0.21505376344086,0.93
"CHEN_METABOLIC_SYNDROM_NETWORK","CHEN_METABOLIC_SYNDROM_NETWORK","CHEN_METABOLIC_SYNDROM_NETWORK","3","25",NA,"13","93",0.740586594733104,0.89768072088861,0.89768072088861,"81624/64834/5921",3,"results_C2_R",0.12,0.139784946236559,0.858461538461538
"GEORGES_TARGETS_OF_MIR192_AND_MIR215","GEORGES_TARGETS_OF_MIR192_AND_MIR215","GEORGES_TARGETS_OF_MIR192_AND_MIR215","2","25",NA,"10","93",0.811526839514283,0.92745924515918,0.92745924515918,"64834/4001",2,"results_C2_R",0.08,0.10752688172043,0.744
"PUJANA_CHEK2_PCC_NETWORK","PUJANA_CHEK2_PCC_NETWORK","PUJANA_CHEK2_PCC_NETWORK","2","25",NA,"10","93",0.811526839514283,0.92745924515918,0.92745924515918,"4001/6597",2,"results_C2_R",0.08,0.10752688172043,0.744
"BRUINS_UVC_RESPONSE_LATE","BRUINS_UVC_RESPONSE_LATE","BRUINS_UVC_RESPONSE_LATE","2","25",NA,"13","93",0.917776888623536,0.987914713288499,0.987914713288499,"4001/5700",2,"results_C2_R",0.08,0.139784946236559,0.572307692307692
"GRESHOCK_CANCER_COPY_NUMBER_UP","GRESHOCK_CANCER_COPY_NUMBER_UP","GRESHOCK_CANCER_COPY_NUMBER_UP","2","25",NA,"13","93",0.917776888623536,0.987914713288499,0.987914713288499,"4771/4928",2,"results_C2_R",0.08,0.139784946236559,0.572307692307692
"PUJANA_ATM_PCC_NETWORK","PUJANA_ATM_PCC_NETWORK","PUJANA_ATM_PCC_NETWORK","2","25",NA,"15","93",0.954880958867425,0.987914713288499,0.987914713288499,"11319/4001",2,"results_C2_R",0.08,0.161290322580645,0.496
"KRIGE_RESPONSE_TO_TOSEDOSTAT_24HR_UP","KRIGE_RESPONSE_TO_TOSEDOSTAT_24HR_UP","KRIGE_RESPONSE_TO_TOSEDOSTAT_24HR_UP","1","25",NA,"10","93",0.964013215311789,0.987914713288499,0.987914713288499,"5926",1,"results_C2_R",0.04,0.10752688172043,0.372
"KRIGE_RESPONSE_TO_TOSEDOSTAT_6HR_UP","KRIGE_RESPONSE_TO_TOSEDOSTAT_6HR_UP","KRIGE_RESPONSE_TO_TOSEDOSTAT_6HR_UP","1","25",NA,"13","93",0.987914713288499,0.987914713288499,0.987914713288499,"5926",1,"results_C2_R",0.04,0.139784946236559,0.286153846153846
"GOBP_CYTOSKELETON_ORGANIZATION","GOBP_CYTOSKELETON_ORGANIZATION","GOBP_CYTOSKELETON_ORGANIZATION","9","25",NA,"19","92",0.0297524042957337,0.994722215760945,0.994722215760945,"23271/81624/8841/3192/23077/4771/5170/5921/23353",9,"results_C5_R",0.36,0.206521739130435,1.74315789473684
"GOCC_NUCLEAR_PROTEIN_CONTAINING_COMPLEX","GOCC_NUCLEAR_PROTEIN_CONTAINING_COMPLEX","GOCC_NUCLEAR_PROTEIN_CONTAINING_COMPLEX","7","25",NA,"15","92",0.0658617030304503,0.994722215760945,0.994722215760945,"8841/3192/55706/4928/5903/6597/23353",7,"results_C5_R",0.28,0.16304347826087,1.71733333333333
"GOBP_PROTEIN_LOCALIZATION_TO_NUCLEUS","GOBP_PROTEIN_LOCALIZATION_TO_NUCLEUS","GOBP_PROTEIN_LOCALIZATION_TO_NUCLEUS","7","25",NA,"16","92",0.0943815014739795,0.994722215760945,0.994722215760945,"23399/8841/3192/4771/4928/5903/23353",7,"results_C5_R",0.28,0.173913043478261,1.61
"GOBP_TISSUE_DEVELOPMENT","GOBP_TISSUE_DEVELOPMENT","GOBP_TISSUE_DEVELOPMENT","7","25",NA,"16","92",0.0943815014739795,0.994722215760945,0.994722215760945,"5926/23399/3192/80856/4771/5170/6275",7,"results_C5_R",0.28,0.173913043478261,1.61
"GOCC_NUCLEAR_MEMBRANE","GOCC_NUCLEAR_MEMBRANE","GOCC_NUCLEAR_MEMBRANE","7","25",NA,"16","92",0.0943815014739795,0.994722215760945,0.994722215760945,"23399/4001/55706/11270/4928/5903/23353",7,"results_C5_R",0.28,0.173913043478261,1.61
"GOCC_CATALYTIC_COMPLEX","GOCC_CATALYTIC_COMPLEX","GOCC_CATALYTIC_COMPLEX","6","25",NA,"14","92",0.135209844508926,0.994722215760945,0.994722215760945,"23399/8841/3192/5700/5903/6597",6,"results_C5_R",0.24,0.152173913043478,1.57714285714286
"GOBP_REGULATION_OF_CYTOSKELETON_ORGANIZATION","GOBP_REGULATION_OF_CYTOSKELETON_ORGANIZATION","GOBP_REGULATION_OF_CYTOSKELETON_ORGANIZATION","5","25",NA,"11","92",0.138366612208189,0.994722215760945,0.994722215760945,"23271/3192/23077/4771/5921",5,"results_C5_R",0.2,0.119565217391304,1.67272727272727
"GOMF_CYTOSKELETAL_PROTEIN_BINDING","GOMF_CYTOSKELETAL_PROTEIN_BINDING","GOMF_CYTOSKELETAL_PROTEIN_BINDING","5","25",NA,"11","92",0.138366612208189,0.994722215760945,0.994722215760945,"23271/81624/3192/4771/6275",5,"results_C5_R",0.2,0.119565217391304,1.67272727272727
"HP_ABNORMALITY_OF_THE_BLADDER","HP_ABNORMALITY_OF_THE_BLADDER","HP_ABNORMALITY_OF_THE_BLADDER","5","25",NA,"11","92",0.138366612208189,0.994722215760945,0.994722215760945,"64834/3192/4001/4771/5921",5,"results_C5_R",0.2,0.119565217391304,1.67272727272727
"HP_ABNORMALITY_OF_THE_LOWER_URINARY_TRACT","HP_ABNORMALITY_OF_THE_LOWER_URINARY_TRACT","HP_ABNORMALITY_OF_THE_LOWER_URINARY_TRACT","6","25",NA,"15","92",0.181441938827911,0.994722215760945,0.994722215760945,"64834/3192/4001/4771/5921/6597",6,"results_C5_R",0.24,0.16304347826087,1.472
"HP_ABNORMALITY_OF_THE_CEREBRAL_SUBCORTEX","HP_ABNORMALITY_OF_THE_CEREBRAL_SUBCORTEX","HP_ABNORMALITY_OF_THE_CEREBRAL_SUBCORTEX","5","25",NA,"12","92",0.191427175663875,0.994722215760945,0.994722215760945,"3192/4001/80856/5903/6597",5,"results_C5_R",0.2,0.130434782608696,1.53333333333333
"GOCC_NUCLEAR_ENVELOPE","GOCC_NUCLEAR_ENVELOPE","GOCC_NUCLEAR_ENVELOPE","7","25",NA,"19","92",0.216538204374678,0.994722215760945,0.994722215760945,"23399/4001/55706/11270/4928/5903/23353",7,"results_C5_R",0.28,0.206521739130435,1.35578947368421
"GOBP_REGULATION_OF_CELL_DEATH","GOBP_REGULATION_OF_CELL_DEATH","GOBP_REGULATION_OF_CELL_DEATH","6","25",NA,"16","92",0.23367820124027,0.994722215760945,0.994722215760945,"22900/8841/4771/5170/5700/5921",6,"results_C5_R",0.24,0.173913043478261,1.38
"GOBP_POSITIVE_REGULATION_OF_TRANSCRIPTION_BY_RNA_POLYMERASE_II","GOBP_POSITIVE_REGULATION_OF_TRANSCRIPTION_BY_RNA_POLYMERASE_II","GOBP_POSITIVE_REGULATION_OF_TRANSCRIPTION_BY_RNA_POLYMERASE_II","5","25",NA,"13","92",0.251120309551523,0.994722215760945,0.994722215760945,"5926/11319/8841/3192/6597",5,"results_C5_R",0.2,0.141304347826087,1.41538461538462
"GOBP_POSITIVE_REGULATION_OF_CELLULAR_BIOSYNTHETIC_PROCESS","GOBP_POSITIVE_REGULATION_OF_CELLULAR_BIOSYNTHETIC_PROCESS","GOBP_POSITIVE_REGULATION_OF_CELLULAR_BIOSYNTHETIC_PROCESS","7","25",NA,"20","92",0.267664968751917,0.994722215760945,0.994722215760945,"5926/23399/11319/8841/3192/4928/6597",7,"results_C5_R",0.28,0.217391304347826,1.288
"GOBP_PROTEIN_LOCALIZATION_TO_ORGANELLE","GOBP_PROTEIN_LOCALIZATION_TO_ORGANELLE","GOBP_PROTEIN_LOCALIZATION_TO_ORGANELLE","7","25",NA,"20","92",0.267664968751917,0.994722215760945,0.994722215760945,"23399/8841/3192/4771/4928/5903/23353",7,"results_C5_R",0.28,0.217391304347826,1.288
"GOBP_REGULATION_OF_PROTEIN_LOCALIZATION","GOBP_REGULATION_OF_PROTEIN_LOCALIZATION","GOBP_REGULATION_OF_PROTEIN_LOCALIZATION","4","25",NA,"10","92",0.268606177053965,0.994722215760945,0.994722215760945,"8841/23077/4771/5170",4,"results_C5_R",0.16,0.108695652173913,1.472
"HP_ABNORMAL_CORPUS_CALLOSUM_MORPHOLOGY","HP_ABNORMAL_CORPUS_CALLOSUM_MORPHOLOGY","HP_ABNORMAL_CORPUS_CALLOSUM_MORPHOLOGY","4","25",NA,"10","92",0.268606177053965,0.994722215760945,0.994722215760945,"3192/4001/80856/6597",4,"results_C5_R",0.16,0.108695652173913,1.472
"HP_ABNORMALITY_OF_HINDBRAIN_MORPHOLOGY","HP_ABNORMALITY_OF_HINDBRAIN_MORPHOLOGY","HP_ABNORMALITY_OF_HINDBRAIN_MORPHOLOGY","4","25",NA,"10","92",0.268606177053965,0.994722215760945,0.994722215760945,"4001/80856/4771/6597",4,"results_C5_R",0.16,0.108695652173913,1.472
"HP_ONSET","HP_ONSET","HP_ONSET","4","25",NA,"10","92",0.268606177053965,0.994722215760945,0.994722215760945,"3192/4001/4771/5903",4,"results_C5_R",0.16,0.108695652173913,1.472
"HP_WEAKNESS_DUE_TO_UPPER_MOTOR_NEURON_DYSFUNCTION","HP_WEAKNESS_DUE_TO_UPPER_MOTOR_NEURON_DYSFUNCTION","HP_WEAKNESS_DUE_TO_UPPER_MOTOR_NEURON_DYSFUNCTION","4","25",NA,"10","92",0.268606177053965,0.994722215760945,0.994722215760945,"4001/4771/5903/5921",4,"results_C5_R",0.16,0.108695652173913,1.472
"GOBP_NEGATIVE_REGULATION_OF_SIGNALING","GOBP_NEGATIVE_REGULATION_OF_SIGNALING","GOBP_NEGATIVE_REGULATION_OF_SIGNALING","6","25",NA,"17","92",0.290663214781025,0.994722215760945,0.994722215760945,"22900/8841/4771/5170/5921/6597",6,"results_C5_R",0.24,0.184782608695652,1.29882352941176
"GOBP_HOMEOSTATIC_PROCESS","GOBP_HOMEOSTATIC_PROCESS","GOBP_HOMEOSTATIC_PROCESS","5","25",NA,"14","92",0.315515012352965,0.994722215760945,0.994722215760945,"5926/64834/8841/5170/6597",5,"results_C5_R",0.2,0.152173913043478,1.31428571428571
"GOBP_POSITIVE_REGULATION_OF_CATALYTIC_ACTIVITY","GOBP_POSITIVE_REGULATION_OF_CATALYTIC_ACTIVITY","GOBP_POSITIVE_REGULATION_OF_CATALYTIC_ACTIVITY","5","25",NA,"14","92",0.315515012352965,0.994722215760945,0.994722215760945,"22900/3192/5170/5903/5921",5,"results_C5_R",0.2,0.152173913043478,1.31428571428571
"GOBP_REGULATION_OF_CELLULAR_COMPONENT_BIOGENESIS","GOBP_REGULATION_OF_CELLULAR_COMPONENT_BIOGENESIS","GOBP_REGULATION_OF_CELLULAR_COMPONENT_BIOGENESIS","5","25",NA,"14","92",0.315515012352965,0.994722215760945,0.994722215760945,"23271/22900/3192/4771/5921",5,"results_C5_R",0.2,0.152173913043478,1.31428571428571
"GOCC_NUCLEAR_OUTER_MEMBRANE_ENDOPLASMIC_RETICULUM_MEMBRANE_NETWORK","GOCC_NUCLEAR_OUTER_MEMBRANE_ENDOPLASMIC_RETICULUM_MEMBRANE_NETWORK","GOCC_NUCLEAR_OUTER_MEMBRANE_ENDOPLASMIC_RETICULUM_MEMBRANE_NETWORK","5","25",NA,"14","92",0.315515012352965,0.994722215760945,0.994722215760945,"23399/64834/80856/5903/10430",5,"results_C5_R",0.2,0.152173913043478,1.31428571428571
"GOBP_MICROTUBULE_CYTOSKELETON_ORGANIZATION","GOBP_MICROTUBULE_CYTOSKELETON_ORGANIZATION","GOBP_MICROTUBULE_CYTOSKELETON_ORGANIZATION","4","25",NA,"11","92",0.343028785537265,0.994722215760945,0.994722215760945,"23271/8841/3192/23353",4,"results_C5_R",0.16,0.119565217391304,1.33818181818182
"GOBP_MULTICELLULAR_ORGANISM_REPRODUCTION","GOBP_MULTICELLULAR_ORGANISM_REPRODUCTION","GOBP_MULTICELLULAR_ORGANISM_REPRODUCTION","4","25",NA,"11","92",0.343028785537265,0.994722215760945,0.994722215760945,"5926/23399/55706/23353",4,"results_C5_R",0.16,0.119565217391304,1.33818181818182
"GOBP_NEGATIVE_REGULATION_OF_CATALYTIC_ACTIVITY","GOBP_NEGATIVE_REGULATION_OF_CATALYTIC_ACTIVITY","GOBP_NEGATIVE_REGULATION_OF_CATALYTIC_ACTIVITY","4","25",NA,"11","92",0.343028785537265,0.994722215760945,0.994722215760945,"22900/3192/4771/5170",4,"results_C5_R",0.16,0.119565217391304,1.33818181818182
"GOBP_REGULATION_OF_CELL_DIFFERENTIATION","GOBP_REGULATION_OF_CELL_DIFFERENTIATION","GOBP_REGULATION_OF_CELL_DIFFERENTIATION","4","25",NA,"11","92",0.343028785537265,0.994722215760945,0.994722215760945,"8841/3192/80856/4771",4,"results_C5_R",0.16,0.119565217391304,1.33818181818182
"GOBP_SUPRAMOLECULAR_FIBER_ORGANIZATION","GOBP_SUPRAMOLECULAR_FIBER_ORGANIZATION","GOBP_SUPRAMOLECULAR_FIBER_ORGANIZATION","4","25",NA,"11","92",0.343028785537265,0.994722215760945,0.994722215760945,"23271/81624/4771/5921",4,"results_C5_R",0.16,0.119565217391304,1.33818181818182
"GOBP_NEGATIVE_REGULATION_OF_RESPONSE_TO_STIMULUS","GOBP_NEGATIVE_REGULATION_OF_RESPONSE_TO_STIMULUS","GOBP_NEGATIVE_REGULATION_OF_RESPONSE_TO_STIMULUS","6","25",NA,"18","92",0.350940695770801,0.994722215760945,0.994722215760945,"22900/8841/4771/5170/5921/6597",6,"results_C5_R",0.24,0.195652173913043,1.22666666666667
"GOMF_RNA_BINDING","GOMF_RNA_BINDING","GOMF_RNA_BINDING","6","25",NA,"18","92",0.350940695770801,0.994722215760945,0.994722215760945,"3192/4928/5700/5903/6275/6597",6,"results_C5_R",0.24,0.195652173913043,1.22666666666667
"GOCC_ENVELOPE","GOCC_ENVELOPE","GOCC_ENVELOPE","7","25",NA,"22","92",0.379691219067439,0.994722215760945,0.994722215760945,"23399/4001/55706/11270/4928/5903/23353",7,"results_C5_R",0.28,0.239130434782609,1.17090909090909
"GOBP_ENDOMEMBRANE_SYSTEM_ORGANIZATION","GOBP_ENDOMEMBRANE_SYSTEM_ORGANIZATION","GOBP_ENDOMEMBRANE_SYSTEM_ORGANIZATION","5","25",NA,"15","92",0.382551549115492,0.994722215760945,0.994722215760945,"23271/23399/4001/80856/23353",5,"results_C5_R",0.2,0.16304347826087,1.22666666666667
"GOBP_NEGATIVE_REGULATION_OF_PROTEIN_METABOLIC_PROCESS","GOBP_NEGATIVE_REGULATION_OF_PROTEIN_METABOLIC_PROCESS","GOBP_NEGATIVE_REGULATION_OF_PROTEIN_METABOLIC_PROCESS","5","25",NA,"15","92",0.382551549115492,0.994722215760945,0.994722215760945,"22900/3192/23077/4771/5170",5,"results_C5_R",0.2,0.16304347826087,1.22666666666667
"GOBP_REGULATION_OF_PHOSPHORUS_METABOLIC_PROCESS","GOBP_REGULATION_OF_PHOSPHORUS_METABOLIC_PROCESS","GOBP_REGULATION_OF_PHOSPHORUS_METABOLIC_PROCESS","5","25",NA,"15","92",0.382551549115492,0.994722215760945,0.994722215760945,"8841/3192/4771/5170/5903",5,"results_C5_R",0.2,0.16304347826087,1.22666666666667
"GOMF_ENZYME_REGULATOR_ACTIVITY","GOMF_ENZYME_REGULATOR_ACTIVITY","GOMF_ENZYME_REGULATOR_ACTIVITY","5","25",NA,"15","92",0.382551549115492,0.994722215760945,0.994722215760945,"22900/23077/5170/5903/5921",5,"results_C5_R",0.2,0.16304347826087,1.22666666666667
"GOBP_CELL_CYCLE","GOBP_CELL_CYCLE","GOBP_CELL_CYCLE","8","25",NA,"26","92",0.404230919849234,0.994722215760945,0.994722215760945,"23399/11319/8841/3192/55706/4771/5921/23353",8,"results_C5_R",0.32,0.282608695652174,1.13230769230769
"GOBP_CELLULAR_MACROMOLECULE_LOCALIZATION","GOBP_CELLULAR_MACROMOLECULE_LOCALIZATION","GOBP_CELLULAR_MACROMOLECULE_LOCALIZATION","8","25",NA,"26","92",0.404230919849234,0.994722215760945,0.994722215760945,"23399/8841/3192/4771/4928/5170/5903/23353",8,"results_C5_R",0.32,0.282608695652174,1.13230769230769
"GOBP_CHROMOSOME_ORGANIZATION","GOBP_CHROMOSOME_ORGANIZATION","GOBP_CHROMOSOME_ORGANIZATION","6","25",NA,"19","92",0.412972614876703,0.994722215760945,0.994722215760945,"5926/8841/3192/55706/6597/23353",6,"results_C5_R",0.24,0.206521739130435,1.16210526315789
"GOBP_POSITIVE_REGULATION_OF_MOLECULAR_FUNCTION","GOBP_POSITIVE_REGULATION_OF_MOLECULAR_FUNCTION","GOBP_POSITIVE_REGULATION_OF_MOLECULAR_FUNCTION","6","25",NA,"19","92",0.412972614876703,0.994722215760945,0.994722215760945,"22900/3192/5170/5903/5921/6597",6,"results_C5_R",0.24,0.206521739130435,1.16210526315789
"GOBP_POSITIVE_REGULATION_OF_PROTEIN_METABOLIC_PROCESS","GOBP_POSITIVE_REGULATION_OF_PROTEIN_METABOLIC_PROCESS","GOBP_POSITIVE_REGULATION_OF_PROTEIN_METABOLIC_PROCESS","6","25",NA,"19","92",0.412972614876703,0.994722215760945,0.994722215760945,"22900/8841/3192/23077/5170/5700",6,"results_C5_R",0.24,0.206521739130435,1.16210526315789
"GOBP_POSITIVE_REGULATION_OF_RNA_METABOLIC_PROCESS","GOBP_POSITIVE_REGULATION_OF_RNA_METABOLIC_PROCESS","GOBP_POSITIVE_REGULATION_OF_RNA_METABOLIC_PROCESS","6","25",NA,"19","92",0.412972614876703,0.994722215760945,0.994722215760945,"5926/11319/8841/3192/4928/6597",6,"results_C5_R",0.24,0.206521739130435,1.16210526315789
"GOBP_REGULATION_OF_INTRACELLULAR_SIGNAL_TRANSDUCTION","GOBP_REGULATION_OF_INTRACELLULAR_SIGNAL_TRANSDUCTION","GOBP_REGULATION_OF_INTRACELLULAR_SIGNAL_TRANSDUCTION","6","25",NA,"19","92",0.412972614876703,0.994722215760945,0.994722215760945,"22900/8841/4771/5170/5921/6275",6,"results_C5_R",0.24,0.206521739130435,1.16210526315789
"GOBP_CHROMATIN_ORGANIZATION","GOBP_CHROMATIN_ORGANIZATION","GOBP_CHROMATIN_ORGANIZATION","4","25",NA,"12","92",0.41882959047396,0.994722215760945,0.994722215760945,"5926/8841/3192/6597",4,"results_C5_R",0.16,0.130434782608696,1.22666666666667
"GOBP_MICROTUBULE_BASED_PROCESS","GOBP_MICROTUBULE_BASED_PROCESS","GOBP_MICROTUBULE_BASED_PROCESS","4","25",NA,"12","92",0.41882959047396,0.994722215760945,0.994722215760945,"23271/8841/3192/23353",4,"results_C5_R",0.16,0.130434782608696,1.22666666666667
"GOBP_MULTI_ORGANISM_REPRODUCTIVE_PROCESS","GOBP_MULTI_ORGANISM_REPRODUCTIVE_PROCESS","GOBP_MULTI_ORGANISM_REPRODUCTIVE_PROCESS","4","25",NA,"12","92",0.41882959047396,0.994722215760945,0.994722215760945,"5926/23399/55706/23353",4,"results_C5_R",0.16,0.130434782608696,1.22666666666667
"GOBP_NEGATIVE_REGULATION_OF_CELL_DEATH","GOBP_NEGATIVE_REGULATION_OF_CELL_DEATH","GOBP_NEGATIVE_REGULATION_OF_CELL_DEATH","4","25",NA,"12","92",0.41882959047396,0.994722215760945,0.994722215760945,"8841/5170/5700/5921",4,"results_C5_R",0.16,0.130434782608696,1.22666666666667
"GOBP_NEGATIVE_REGULATION_OF_MOLECULAR_FUNCTION","GOBP_NEGATIVE_REGULATION_OF_MOLECULAR_FUNCTION","GOBP_NEGATIVE_REGULATION_OF_MOLECULAR_FUNCTION","4","25",NA,"12","92",0.41882959047396,0.994722215760945,0.994722215760945,"22900/3192/4771/5170",4,"results_C5_R",0.16,0.130434782608696,1.22666666666667
"GOMF_CHROMATIN_BINDING","GOMF_CHROMATIN_BINDING","GOMF_CHROMATIN_BINDING","4","25",NA,"12","92",0.41882959047396,0.994722215760945,0.994722215760945,"8841/3192/4928/6597",4,"results_C5_R",0.16,0.130434782608696,1.22666666666667
"GOMF_TRANSCRIPTION_REGULATOR_ACTIVITY","GOMF_TRANSCRIPTION_REGULATOR_ACTIVITY","GOMF_TRANSCRIPTION_REGULATOR_ACTIVITY","4","25",NA,"12","92",0.41882959047396,0.994722215760945,0.994722215760945,"8841/3192/4928/6597",4,"results_C5_R",0.16,0.130434782608696,1.22666666666667
"HP_UPPER_MOTOR_NEURON_DYSFUNCTION","HP_UPPER_MOTOR_NEURON_DYSFUNCTION","HP_UPPER_MOTOR_NEURON_DYSFUNCTION","4","25",NA,"12","92",0.41882959047396,0.994722215760945,0.994722215760945,"4001/4771/5903/5921",4,"results_C5_R",0.16,0.130434782608696,1.22666666666667
"HP_VISUAL_IMPAIRMENT","HP_VISUAL_IMPAIRMENT","HP_VISUAL_IMPAIRMENT","4","25",NA,"12","92",0.41882959047396,0.994722215760945,0.994722215760945,"64834/4001/4771/6597",4,"results_C5_R",0.16,0.130434782608696,1.22666666666667
"GOBP_PROTEIN_CONTAINING_COMPLEX_ORGANIZATION","GOBP_PROTEIN_CONTAINING_COMPLEX_ORGANIZATION","GOBP_PROTEIN_CONTAINING_COMPLEX_ORGANIZATION","7","25",NA,"23","92",0.438165526997282,0.994722215760945,0.994722215760945,"23271/22900/81624/55706/4928/5921/6597",7,"results_C5_R",0.28,0.25,1.12
"GOBP_NUCLEUS_ORGANIZATION","GOBP_NUCLEUS_ORGANIZATION","GOBP_NUCLEUS_ORGANIZATION","5","25",NA,"16","92",0.450221252695138,0.994722215760945,0.994722215760945,"23399/4001/55706/4928/23353",5,"results_C5_R",0.2,0.173913043478261,1.15
"GOMF_MOLECULAR_FUNCTION_REGULATOR","GOMF_MOLECULAR_FUNCTION_REGULATOR","GOMF_MOLECULAR_FUNCTION_REGULATOR","5","25",NA,"16","92",0.450221252695138,0.994722215760945,0.994722215760945,"22900/23077/5170/5903/5921",5,"results_C5_R",0.2,0.173913043478261,1.15
"GOMF_PROTEIN_CONTAINING_COMPLEX_BINDING","GOMF_PROTEIN_CONTAINING_COMPLEX_BINDING","GOMF_PROTEIN_CONTAINING_COMPLEX_BINDING","5","25",NA,"16","92",0.450221252695138,0.994722215760945,0.994722215760945,"23271/3192/4771/6597/10430",5,"results_C5_R",0.2,0.173913043478261,1.15
"HP_ABNORMAL_CEREBRAL_VENTRICLE_MORPHOLOGY","HP_ABNORMAL_CEREBRAL_VENTRICLE_MORPHOLOGY","HP_ABNORMAL_CEREBRAL_VENTRICLE_MORPHOLOGY","5","25",NA,"16","92",0.450221252695138,0.994722215760945,0.994722215760945,"3192/4001/4771/5921/6597",5,"results_C5_R",0.2,0.173913043478261,1.15
"GOBP_REGULATION_OF_ORGANELLE_ORGANIZATION","GOBP_REGULATION_OF_ORGANELLE_ORGANIZATION","GOBP_REGULATION_OF_ORGANELLE_ORGANIZATION","6","25",NA,"20","92",0.475247320358755,0.994722215760945,0.994722215760945,"23271/3192/80856/23077/4771/5921",6,"results_C5_R",0.24,0.217391304347826,1.104
"HP_GAIT_DISTURBANCE","HP_GAIT_DISTURBANCE","HP_GAIT_DISTURBANCE","4","25",NA,"13","92",0.49336704866171,0.994722215760945,0.994722215760945,"4001/80856/4771/5903",4,"results_C5_R",0.16,0.141304347826087,1.13230769230769
"GOBP_PHOSPHORYLATION","GOBP_PHOSPHORYLATION","GOBP_PHOSPHORYLATION","5","25",NA,"17","92",0.516703768492686,0.994722215760945,0.994722215760945,"8841/3192/4771/5170/5903",5,"results_C5_R",0.2,0.184782608695652,1.08235294117647
"GOBP_POSITIVE_REGULATION_OF_NUCLEOBASE_CONTAINING_COMPOUND_METABOLIC_PROCESS","GOBP_POSITIVE_REGULATION_OF_NUCLEOBASE_CONTAINING_COMPOUND_METABOLIC_PROCESS","GOBP_POSITIVE_REGULATION_OF_NUCLEOBASE_CONTAINING_COMPOUND_METABOLIC_PROCESS","6","25",NA,"21","92",0.536368790554101,0.994722215760945,0.994722215760945,"5926/11319/8841/3192/4928/6597",6,"results_C5_R",0.24,0.228260869565217,1.05142857142857
"GOBP_BIOLOGICAL_ADHESION","GOBP_BIOLOGICAL_ADHESION","GOBP_BIOLOGICAL_ADHESION","3","25",NA,"10","92",0.545999535946266,0.994722215760945,0.994722215760945,"4771/5921/55423",3,"results_C5_R",0.12,0.108695652173913,1.104
"GOBP_ESTABLISHMENT_OF_PROTEIN_LOCALIZATION_TO_ORGANELLE","GOBP_ESTABLISHMENT_OF_PROTEIN_LOCALIZATION_TO_ORGANELLE","GOBP_ESTABLISHMENT_OF_PROTEIN_LOCALIZATION_TO_ORGANELLE","3","25",NA,"10","92",0.545999535946266,0.994722215760945,0.994722215760945,"8841/4928/5903",3,"results_C5_R",0.12,0.108695652173913,1.104
"GOBP_MACROMOLECULE_CATABOLIC_PROCESS","GOBP_MACROMOLECULE_CATABOLIC_PROCESS","GOBP_MACROMOLECULE_CATABOLIC_PROCESS","3","25",NA,"10","92",0.545999535946266,0.994722215760945,0.994722215760945,"3192/23077/5700",3,"results_C5_R",0.12,0.108695652173913,1.104
"GOBP_NEGATIVE_REGULATION_OF_CELLULAR_COMPONENT_ORGANIZATION","GOBP_NEGATIVE_REGULATION_OF_CELLULAR_COMPONENT_ORGANIZATION","GOBP_NEGATIVE_REGULATION_OF_CELLULAR_COMPONENT_ORGANIZATION","3","25",NA,"10","92",0.545999535946266,0.994722215760945,0.994722215760945,"23271/22900/3192",3,"results_C5_R",0.12,0.108695652173913,1.104
"GOBP_NEGATIVE_REGULATION_OF_TRANSCRIPTION_BY_RNA_POLYMERASE_II","GOBP_NEGATIVE_REGULATION_OF_TRANSCRIPTION_BY_RNA_POLYMERASE_II","GOBP_NEGATIVE_REGULATION_OF_TRANSCRIPTION_BY_RNA_POLYMERASE_II","3","25",NA,"10","92",0.545999535946266,0.994722215760945,0.994722215760945,"8841/3192/6597",3,"results_C5_R",0.12,0.108695652173913,1.104
"GOBP_ORGANELLE_FISSION","GOBP_ORGANELLE_FISSION","GOBP_ORGANELLE_FISSION","3","25",NA,"10","92",0.545999535946266,0.994722215760945,0.994722215760945,"3192/55706/23353",3,"results_C5_R",0.12,0.108695652173913,1.104
"GOBP_POSITIVE_REGULATION_OF_DEVELOPMENTAL_PROCESS","GOBP_POSITIVE_REGULATION_OF_DEVELOPMENTAL_PROCESS","GOBP_POSITIVE_REGULATION_OF_DEVELOPMENTAL_PROCESS","3","25",NA,"10","92",0.545999535946266,0.994722215760945,0.994722215760945,"3192/4771/5170",3,"results_C5_R",0.12,0.108695652173913,1.104
"GOBP_POSITIVE_REGULATION_OF_MULTICELLULAR_ORGANISMAL_PROCESS","GOBP_POSITIVE_REGULATION_OF_MULTICELLULAR_ORGANISMAL_PROCESS","GOBP_POSITIVE_REGULATION_OF_MULTICELLULAR_ORGANISMAL_PROCESS","3","25",NA,"10","92",0.545999535946266,0.994722215760945,0.994722215760945,"22900/8841/5170",3,"results_C5_R",0.12,0.108695652173913,1.104
"GOBP_RESPONSE_TO_OXYGEN_CONTAINING_COMPOUND","GOBP_RESPONSE_TO_OXYGEN_CONTAINING_COMPOUND","GOBP_RESPONSE_TO_OXYGEN_CONTAINING_COMPOUND","3","25",NA,"10","92",0.545999535946266,0.994722215760945,0.994722215760945,"22900/5170/6597",3,"results_C5_R",0.12,0.108695652173913,1.104
"GOCC_NUCLEAR_PERIPHERY","GOCC_NUCLEAR_PERIPHERY","GOCC_NUCLEAR_PERIPHERY","3","25",NA,"10","92",0.545999535946266,0.994722215760945,0.994722215760945,"3192/4001/4928",3,"results_C5_R",0.12,0.108695652173913,1.104
"GOCC_POLYMERIC_CYTOSKELETAL_FIBER","GOCC_POLYMERIC_CYTOSKELETAL_FIBER","GOCC_POLYMERIC_CYTOSKELETAL_FIBER","3","25",NA,"10","92",0.545999535946266,0.994722215760945,0.994722215760945,"23271/3192/4001",3,"results_C5_R",0.12,0.108695652173913,1.104
"HP_ABNORMALITY_OF_THE_OPTIC_NERVE","HP_ABNORMALITY_OF_THE_OPTIC_NERVE","HP_ABNORMALITY_OF_THE_OPTIC_NERVE","3","25",NA,"10","92",0.545999535946266,0.994722215760945,0.994722215760945,"64834/3192/4771",3,"results_C5_R",0.12,0.108695652173913,1.104
"HP_ABNORMALITY_OF_THE_PHILTRUM","HP_ABNORMALITY_OF_THE_PHILTRUM","HP_ABNORMALITY_OF_THE_PHILTRUM","3","25",NA,"10","92",0.545999535946266,0.994722215760945,0.994722215760945,"3192/4001/6597",3,"results_C5_R",0.12,0.108695652173913,1.104
"HP_GENERALIZED_HYPOTONIA","HP_GENERALIZED_HYPOTONIA","HP_GENERALIZED_HYPOTONIA","3","25",NA,"10","92",0.545999535946266,0.994722215760945,0.994722215760945,"3192/80856/6597",3,"results_C5_R",0.12,0.108695652173913,1.104
"GOBP_CELL_CYCLE_PROCESS","GOBP_CELL_CYCLE_PROCESS","GOBP_CELL_CYCLE_PROCESS","7","25",NA,"25","92",0.553967587799522,0.994722215760945,0.994722215760945,"23399/11319/8841/3192/55706/5921/23353",7,"results_C5_R",0.28,0.271739130434783,1.0304
"GOBP_NITROGEN_COMPOUND_TRANSPORT","GOBP_NITROGEN_COMPOUND_TRANSPORT","GOBP_NITROGEN_COMPOUND_TRANSPORT","4","25",NA,"14","92",0.564507863185208,0.994722215760945,0.994722215760945,"8841/55706/4928/5903",4,"results_C5_R",0.16,0.152173913043478,1.05142857142857
"GOBP_REGULATION_OF_CELLULAR_LOCALIZATION","GOBP_REGULATION_OF_CELLULAR_LOCALIZATION","GOBP_REGULATION_OF_CELLULAR_LOCALIZATION","4","25",NA,"14","92",0.564507863185208,0.994722215760945,0.994722215760945,"8841/3192/4771/5170",4,"results_C5_R",0.16,0.152173913043478,1.05142857142857
"GOCC_MICROTUBULE_CYTOSKELETON","GOCC_MICROTUBULE_CYTOSKELETON","GOCC_MICROTUBULE_CYTOSKELETON","4","25",NA,"14","92",0.564507863185208,0.994722215760945,0.994722215760945,"23271/8841/3192/23077",4,"results_C5_R",0.16,0.152173913043478,1.05142857142857
"GOCC_SUPRAMOLECULAR_COMPLEX","GOCC_SUPRAMOLECULAR_COMPLEX","GOCC_SUPRAMOLECULAR_COMPLEX","4","25",NA,"14","92",0.564507863185208,0.994722215760945,0.994722215760945,"23271/3192/4001/4928",4,"results_C5_R",0.16,0.152173913043478,1.05142857142857
"GOMF_ADENYL_NUCLEOTIDE_BINDING","GOMF_ADENYL_NUCLEOTIDE_BINDING","GOMF_ADENYL_NUCLEOTIDE_BINDING","4","25",NA,"14","92",0.564507863185208,0.994722215760945,0.994722215760945,"3192/5170/5700/6597",4,"results_C5_R",0.16,0.152173913043478,1.05142857142857
"GOMF_SEQUENCE_SPECIFIC_DNA_BINDING","GOMF_SEQUENCE_SPECIFIC_DNA_BINDING","GOMF_SEQUENCE_SPECIFIC_DNA_BINDING","4","25",NA,"14","92",0.564507863185208,0.994722215760945,0.994722215760945,"5926/3192/4001/6597",4,"results_C5_R",0.16,0.152173913043478,1.05142857142857
"HP_ABNORMAL_INFLAMMATORY_RESPONSE","HP_ABNORMAL_INFLAMMATORY_RESPONSE","HP_ABNORMAL_INFLAMMATORY_RESPONSE","4","25",NA,"14","92",0.564507863185208,0.994722215760945,0.994722215760945,"22900/4001/5903/6597",4,"results_C5_R",0.16,0.152173913043478,1.05142857142857
"GOBP_INTRACELLULAR_TRANSPORT","GOBP_INTRACELLULAR_TRANSPORT","GOBP_INTRACELLULAR_TRANSPORT","5","25",NA,"18","92",0.580458796462642,0.994722215760945,0.994722215760945,"8841/3192/4928/5903/23353",5,"results_C5_R",0.2,0.195652173913043,1.02222222222222
"GOBP_PROGRAMMED_CELL_DEATH","GOBP_PROGRAMMED_CELL_DEATH","GOBP_PROGRAMMED_CELL_DEATH","5","25",NA,"18","92",0.580458796462642,0.994722215760945,0.994722215760945,"22900/8841/4771/5170/5921",5,"results_C5_R",0.2,0.195652173913043,1.02222222222222
"GOBP_INTRACELLULAR_PROTEIN_TRANSPORT","GOBP_INTRACELLULAR_PROTEIN_TRANSPORT","GOBP_INTRACELLULAR_PROTEIN_TRANSPORT","3","25",NA,"11","92",0.622113567349642,0.994722215760945,0.994722215760945,"8841/4928/5903",3,"results_C5_R",0.12,0.119565217391304,1.00363636363636
"GOBP_NUCLEAR_ENVELOPE_ORGANIZATION","GOBP_NUCLEAR_ENVELOPE_ORGANIZATION","GOBP_NUCLEAR_ENVELOPE_ORGANIZATION","3","25",NA,"11","92",0.622113567349642,0.994722215760945,0.994722215760945,"23399/4001/23353",3,"results_C5_R",0.12,0.119565217391304,1.00363636363636
"GOBP_ORGANELLE_LOCALIZATION","GOBP_ORGANELLE_LOCALIZATION","GOBP_ORGANELLE_LOCALIZATION","3","25",NA,"11","92",0.622113567349642,0.994722215760945,0.994722215760945,"3192/5170/23353",3,"results_C5_R",0.12,0.119565217391304,1.00363636363636
"GOBP_REGULATION_OF_TRANSPORT","GOBP_REGULATION_OF_TRANSPORT","GOBP_REGULATION_OF_TRANSPORT","3","25",NA,"11","92",0.622113567349642,0.994722215760945,0.994722215760945,"8841/5170/55423",3,"results_C5_R",0.12,0.119565217391304,1.00363636363636
"GOCC_SUPRAMOLECULAR_POLYMER","GOCC_SUPRAMOLECULAR_POLYMER","GOCC_SUPRAMOLECULAR_POLYMER","3","25",NA,"11","92",0.622113567349642,0.994722215760945,0.994722215760945,"23271/3192/4001",3,"results_C5_R",0.12,0.119565217391304,1.00363636363636
"HP_ABNORMAL_CARDIAC_SEPTUM_MORPHOLOGY","HP_ABNORMAL_CARDIAC_SEPTUM_MORPHOLOGY","HP_ABNORMAL_CARDIAC_SEPTUM_MORPHOLOGY","3","25",NA,"11","92",0.622113567349642,0.994722215760945,0.994722215760945,"3192/4001/6597",3,"results_C5_R",0.12,0.119565217391304,1.00363636363636
"HP_ABNORMAL_CONJUGATE_EYE_MOVEMENT","HP_ABNORMAL_CONJUGATE_EYE_MOVEMENT","HP_ABNORMAL_CONJUGATE_EYE_MOVEMENT","3","25",NA,"11","92",0.622113567349642,0.994722215760945,0.994722215760945,"3192/4001/6597",3,"results_C5_R",0.12,0.119565217391304,1.00363636363636
"HP_ABNORMAL_RENAL_MORPHOLOGY","HP_ABNORMAL_RENAL_MORPHOLOGY","HP_ABNORMAL_RENAL_MORPHOLOGY","3","25",NA,"11","92",0.622113567349642,0.994722215760945,0.994722215760945,"3192/4001/6597",3,"results_C5_R",0.12,0.119565217391304,1.00363636363636
"HP_ABNORMALITY_OF_UPPER_LIP","HP_ABNORMALITY_OF_UPPER_LIP","HP_ABNORMALITY_OF_UPPER_LIP","3","25",NA,"11","92",0.622113567349642,0.994722215760945,0.994722215760945,"3192/4001/6597",3,"results_C5_R",0.12,0.119565217391304,1.00363636363636
"HP_FUNCTIONAL_ABNORMALITY_OF_THE_GASTROINTESTINAL_TRACT","HP_FUNCTIONAL_ABNORMALITY_OF_THE_GASTROINTESTINAL_TRACT","HP_FUNCTIONAL_ABNORMALITY_OF_THE_GASTROINTESTINAL_TRACT","3","25",NA,"11","92",0.622113567349642,0.994722215760945,0.994722215760945,"22900/4001/4771",3,"results_C5_R",0.12,0.119565217391304,1.00363636363636
"HP_FUNCTIONAL_ABNORMALITY_OF_THE_INNER_EAR","HP_FUNCTIONAL_ABNORMALITY_OF_THE_INNER_EAR","HP_FUNCTIONAL_ABNORMALITY_OF_THE_INNER_EAR","3","25",NA,"11","92",0.622113567349642,0.994722215760945,0.994722215760945,"81624/4001/4771",3,"results_C5_R",0.12,0.119565217391304,1.00363636363636
"HP_HYPERTONIA","HP_HYPERTONIA","HP_HYPERTONIA","3","25",NA,"11","92",0.622113567349642,0.994722215760945,0.994722215760945,"4001/80856/5903",3,"results_C5_R",0.12,0.119565217391304,1.00363636363636
"HP_INVOLUNTARY_MOVEMENTS","HP_INVOLUNTARY_MOVEMENTS","HP_INVOLUNTARY_MOVEMENTS","3","25",NA,"11","92",0.622113567349642,0.994722215760945,0.994722215760945,"4001/80856/4771",3,"results_C5_R",0.12,0.119565217391304,1.00363636363636
"GOBP_ESTABLISHMENT_OF_PROTEIN_LOCALIZATION","GOBP_ESTABLISHMENT_OF_PROTEIN_LOCALIZATION","GOBP_ESTABLISHMENT_OF_PROTEIN_LOCALIZATION","4","25",NA,"15","92",0.630673795574196,0.994722215760945,0.994722215760945,"8841/55706/4928/5903",4,"results_C5_R",0.16,0.16304347826087,0.981333333333333
"GOBP_NEGATIVE_REGULATION_OF_BIOSYNTHETIC_PROCESS","GOBP_NEGATIVE_REGULATION_OF_BIOSYNTHETIC_PROCESS","GOBP_NEGATIVE_REGULATION_OF_BIOSYNTHETIC_PROCESS","4","25",NA,"15","92",0.630673795574196,0.994722215760945,0.994722215760945,"5926/8841/3192/6597",4,"results_C5_R",0.16,0.16304347826087,0.981333333333333
"GOBP_NEGATIVE_REGULATION_OF_NUCLEOBASE_CONTAINING_COMPOUND_METABOLIC_PROCESS","GOBP_NEGATIVE_REGULATION_OF_NUCLEOBASE_CONTAINING_COMPOUND_METABOLIC_PROCESS","GOBP_NEGATIVE_REGULATION_OF_NUCLEOBASE_CONTAINING_COMPOUND_METABOLIC_PROCESS","4","25",NA,"15","92",0.630673795574196,0.994722215760945,0.994722215760945,"5926/8841/3192/6597",4,"results_C5_R",0.16,0.16304347826087,0.981333333333333
"GOBP_NEUROGENESIS","GOBP_NEUROGENESIS","GOBP_NEUROGENESIS","4","25",NA,"15","92",0.630673795574196,0.994722215760945,0.994722215760945,"23271/23077/4771/23353",4,"results_C5_R",0.16,0.16304347826087,0.981333333333333
"GOBP_PEPTIDYL_AMINO_ACID_MODIFICATION","GOBP_PEPTIDYL_AMINO_ACID_MODIFICATION","GOBP_PEPTIDYL_AMINO_ACID_MODIFICATION","4","25",NA,"15","92",0.630673795574196,0.994722215760945,0.994722215760945,"5926/4771/5170/5903",4,"results_C5_R",0.16,0.16304347826087,0.981333333333333
"GOBP_POSITIVE_REGULATION_OF_SIGNALING","GOBP_POSITIVE_REGULATION_OF_SIGNALING","GOBP_POSITIVE_REGULATION_OF_SIGNALING","4","25",NA,"15","92",0.630673795574196,0.994722215760945,0.994722215760945,"23399/8841/6275/6597",4,"results_C5_R",0.16,0.16304347826087,0.981333333333333
"GOBP_REGULATION_OF_TRANSFERASE_ACTIVITY","GOBP_REGULATION_OF_TRANSFERASE_ACTIVITY","GOBP_REGULATION_OF_TRANSFERASE_ACTIVITY","4","25",NA,"15","92",0.630673795574196,0.994722215760945,0.994722215760945,"3192/4771/5170/5903",4,"results_C5_R",0.16,0.16304347826087,0.981333333333333
"GOBP_REPRODUCTION","GOBP_REPRODUCTION","GOBP_REPRODUCTION","4","25",NA,"15","92",0.630673795574196,0.994722215760945,0.994722215760945,"5926/23399/55706/23353",4,"results_C5_R",0.16,0.16304347826087,0.981333333333333
"GOBP_CELLULAR_RESPONSE_TO_ENDOGENOUS_STIMULUS","GOBP_CELLULAR_RESPONSE_TO_ENDOGENOUS_STIMULUS","GOBP_CELLULAR_RESPONSE_TO_ENDOGENOUS_STIMULUS","3","25",NA,"12","92",0.689874892974869,0.994722215760945,0.994722215760945,"3192/5170/6597",3,"results_C5_R",0.12,0.130434782608696,0.92
"GOBP_REGULATION_OF_CATABOLIC_PROCESS","GOBP_REGULATION_OF_CATABOLIC_PROCESS","GOBP_REGULATION_OF_CATABOLIC_PROCESS","3","25",NA,"12","92",0.689874892974869,0.994722215760945,0.994722215760945,"3192/23077/5700",3,"results_C5_R",0.12,0.130434782608696,0.92
"GOBP_REGULATION_OF_CELLULAR_COMPONENT_MOVEMENT","GOBP_REGULATION_OF_CELLULAR_COMPONENT_MOVEMENT","GOBP_REGULATION_OF_CELLULAR_COMPONENT_MOVEMENT","3","25",NA,"12","92",0.689874892974869,0.994722215760945,0.994722215760945,"23077/4771/5170",3,"results_C5_R",0.12,0.130434782608696,0.92
"GOBP_REGULATION_OF_MULTICELLULAR_ORGANISMAL_DEVELOPMENT","GOBP_REGULATION_OF_MULTICELLULAR_ORGANISMAL_DEVELOPMENT","GOBP_REGULATION_OF_MULTICELLULAR_ORGANISMAL_DEVELOPMENT","3","25",NA,"12","92",0.689874892974869,0.994722215760945,0.994722215760945,"80856/4771/5170",3,"results_C5_R",0.12,0.130434782608696,0.92
"HP_NEOPLASM","HP_NEOPLASM","HP_NEOPLASM","3","25",NA,"12","92",0.689874892974869,0.994722215760945,0.994722215760945,"4771/5921/6597",3,"results_C5_R",0.12,0.130434782608696,0.92
"HP_SOMATIC_SENSORY_DYSFUNCTION","HP_SOMATIC_SENSORY_DYSFUNCTION","HP_SOMATIC_SENSORY_DYSFUNCTION","3","25",NA,"12","92",0.689874892974869,0.994722215760945,0.994722215760945,"4001/4771/5921",3,"results_C5_R",0.12,0.130434782608696,0.92
"GOCC_ORGANELLE_SUBCOMPARTMENT","GOCC_ORGANELLE_SUBCOMPARTMENT","GOCC_ORGANELLE_SUBCOMPARTMENT","4","25",NA,"16","92",0.690824643200548,0.994722215760945,0.994722215760945,"23399/64834/80856/10430",4,"results_C5_R",0.16,0.173913043478261,0.92
"GOMF_RIBONUCLEOTIDE_BINDING","GOMF_RIBONUCLEOTIDE_BINDING","GOMF_RIBONUCLEOTIDE_BINDING","4","25",NA,"16","92",0.690824643200548,0.994722215760945,0.994722215760945,"3192/5170/5700/6597",4,"results_C5_R",0.16,0.173913043478261,0.92
"HP_ABNORMALITY_OF_THE_KIDNEY","HP_ABNORMALITY_OF_THE_KIDNEY","HP_ABNORMALITY_OF_THE_KIDNEY","4","25",NA,"16","92",0.690824643200548,0.994722215760945,0.994722215760945,"3192/4001/5921/6597",4,"results_C5_R",0.16,0.173913043478261,0.92
"HP_LANGUAGE_IMPAIRMENT","HP_LANGUAGE_IMPAIRMENT","HP_LANGUAGE_IMPAIRMENT","4","25",NA,"16","92",0.690824643200548,0.994722215760945,0.994722215760945,"3192/4001/80856/6597",4,"results_C5_R",0.16,0.173913043478261,0.92
"GOMF_IDENTICAL_PROTEIN_BINDING","GOMF_IDENTICAL_PROTEIN_BINDING","GOMF_IDENTICAL_PROTEIN_BINDING","5","25",NA,"20","92",0.695284613062003,0.994722215760945,0.994722215760945,"22900/3192/80856/23077/6275",5,"results_C5_R",0.2,0.217391304347826,0.92
"GOBP_MITOTIC_CELL_CYCLE_PROCESS","GOBP_MITOTIC_CELL_CYCLE_PROCESS","GOBP_MITOTIC_CELL_CYCLE_PROCESS","4","25",NA,"17","92",0.744400296956813,0.994722215760945,0.994722215760945,"23399/11319/3192/5921",4,"results_C5_R",0.16,0.184782608695652,0.865882352941177
"GOBP_REGULATION_OF_CELL_POPULATION_PROLIFERATION","GOBP_REGULATION_OF_CELL_POPULATION_PROLIFERATION","GOBP_REGULATION_OF_CELL_POPULATION_PROLIFERATION","4","25",NA,"17","92",0.744400296956813,0.994722215760945,0.994722215760945,"3192/4771/5170/55423",4,"results_C5_R",0.16,0.184782608695652,0.865882352941177
"GOBP_CELL_MIGRATION","GOBP_CELL_MIGRATION","GOBP_CELL_MIGRATION","3","25",NA,"13","92",0.748827246268817,0.994722215760945,0.994722215760945,"4771/5170/23353",3,"results_C5_R",0.12,0.141304347826087,0.849230769230769
"GOBP_CIRCULATORY_SYSTEM_DEVELOPMENT","GOBP_CIRCULATORY_SYSTEM_DEVELOPMENT","GOBP_CIRCULATORY_SYSTEM_DEVELOPMENT","3","25",NA,"13","92",0.748827246268817,0.994722215760945,0.994722215760945,"3192/5170/5921",3,"results_C5_R",0.12,0.141304347826087,0.849230769230769
"GOBP_DEVELOPMENTAL_PROCESS_INVOLVED_IN_REPRODUCTION","GOBP_DEVELOPMENTAL_PROCESS_INVOLVED_IN_REPRODUCTION","GOBP_DEVELOPMENTAL_PROCESS_INVOLVED_IN_REPRODUCTION","3","25",NA,"13","92",0.748827246268817,0.994722215760945,0.994722215760945,"5926/55706/23353",3,"results_C5_R",0.12,0.141304347826087,0.849230769230769
"GOBP_POSITIVE_REGULATION_OF_GENE_EXPRESSION","GOBP_POSITIVE_REGULATION_OF_GENE_EXPRESSION","GOBP_POSITIVE_REGULATION_OF_GENE_EXPRESSION","3","25",NA,"13","92",0.748827246268817,0.994722215760945,0.994722215760945,"22900/3192/4928",3,"results_C5_R",0.12,0.141304347826087,0.849230769230769
"GOBP_REGULATION_OF_PROTEIN_PHOSPHORYLATION","GOBP_REGULATION_OF_PROTEIN_PHOSPHORYLATION","GOBP_REGULATION_OF_PROTEIN_PHOSPHORYLATION","3","25",NA,"13","92",0.748827246268817,0.994722215760945,0.994722215760945,"8841/4771/5170",3,"results_C5_R",0.12,0.141304347826087,0.849230769230769
"GOBP_RESPONSE_TO_ENDOGENOUS_STIMULUS","GOBP_RESPONSE_TO_ENDOGENOUS_STIMULUS","GOBP_RESPONSE_TO_ENDOGENOUS_STIMULUS","3","25",NA,"13","92",0.748827246268817,0.994722215760945,0.994722215760945,"3192/5170/6597",3,"results_C5_R",0.12,0.141304347826087,0.849230769230769
"HP_ABNORMALITY_OF_BLOOD_CIRCULATION","HP_ABNORMALITY_OF_BLOOD_CIRCULATION","HP_ABNORMALITY_OF_BLOOD_CIRCULATION","3","25",NA,"13","92",0.748827246268817,0.994722215760945,0.994722215760945,"4771/5903/5921",3,"results_C5_R",0.12,0.141304347826087,0.849230769230769
"HP_ABNORMALITY_OF_THE_CURVATURE_OF_THE_VERTEBRAL_COLUMN","HP_ABNORMALITY_OF_THE_CURVATURE_OF_THE_VERTEBRAL_COLUMN","HP_ABNORMALITY_OF_THE_CURVATURE_OF_THE_VERTEBRAL_COLUMN","3","25",NA,"13","92",0.748827246268817,0.994722215760945,0.994722215760945,"3192/4001/6597",3,"results_C5_R",0.12,0.141304347826087,0.849230769230769
"HP_ABNORMALITY_OF_THE_FOREHEAD","HP_ABNORMALITY_OF_THE_FOREHEAD","HP_ABNORMALITY_OF_THE_FOREHEAD","3","25",NA,"13","92",0.748827246268817,0.994722215760945,0.994722215760945,"3192/4001/6597",3,"results_C5_R",0.12,0.141304347826087,0.849230769230769
"HP_VENTRICULOMEGALY","HP_VENTRICULOMEGALY","HP_VENTRICULOMEGALY","3","25",NA,"13","92",0.748827246268817,0.994722215760945,0.994722215760945,"3192/4001/6597",3,"results_C5_R",0.12,0.141304347826087,0.849230769230769
"GOBP_LOCOMOTION","GOBP_LOCOMOTION","GOBP_LOCOMOTION","4","25",NA,"18","92",0.791240725669434,0.994722215760945,0.994722215760945,"23077/4771/5170/23353",4,"results_C5_R",0.16,0.195652173913043,0.817777777777778
"GOBP_MITOTIC_CELL_CYCLE","GOBP_MITOTIC_CELL_CYCLE","GOBP_MITOTIC_CELL_CYCLE","4","25",NA,"18","92",0.791240725669434,0.994722215760945,0.994722215760945,"23399/11319/3192/5921",4,"results_C5_R",0.16,0.195652173913043,0.817777777777778
"HP_PAIN","HP_PAIN","HP_PAIN","4","25",NA,"18","92",0.791240725669434,0.994722215760945,0.994722215760945,"22900/4001/4771/5921",4,"results_C5_R",0.16,0.195652173913043,0.817777777777778
"GOBP_POSITIVE_REGULATION_OF_PROTEIN_MODIFICATION_PROCESS","GOBP_POSITIVE_REGULATION_OF_PROTEIN_MODIFICATION_PROCESS","GOBP_POSITIVE_REGULATION_OF_PROTEIN_MODIFICATION_PROCESS","3","25",NA,"14","92",0.799096168927983,0.994722215760945,0.994722215760945,"8841/23077/5170",3,"results_C5_R",0.12,0.152173913043478,0.788571428571428
"HP_LOCALIZED_SKIN_LESION","HP_LOCALIZED_SKIN_LESION","HP_LOCALIZED_SKIN_LESION","3","25",NA,"14","92",0.799096168927983,0.994722215760945,0.994722215760945,"3192/4771/5921",3,"results_C5_R",0.12,0.152173913043478,0.788571428571428
"GOBP_AMIDE_BIOSYNTHETIC_PROCESS","GOBP_AMIDE_BIOSYNTHETIC_PROCESS","GOBP_AMIDE_BIOSYNTHETIC_PROCESS","2","25",NA,"10","92",0.817362604427866,0.994722215760945,0.994722215760945,"64834/3192",2,"results_C5_R",0.08,0.108695652173913,0.736
"GOBP_NEGATIVE_REGULATION_OF_DEVELOPMENTAL_PROCESS","GOBP_NEGATIVE_REGULATION_OF_DEVELOPMENTAL_PROCESS","GOBP_NEGATIVE_REGULATION_OF_DEVELOPMENTAL_PROCESS","2","25",NA,"10","92",0.817362604427866,0.994722215760945,0.994722215760945,"8841/3192",2,"results_C5_R",0.08,0.108695652173913,0.736
"GOCC_CHROMOSOMAL_REGION","GOCC_CHROMOSOMAL_REGION","GOCC_CHROMOSOMAL_REGION","2","25",NA,"10","92",0.817362604427866,0.994722215760945,0.994722215760945,"3192/4928",2,"results_C5_R",0.08,0.108695652173913,0.736
"HP_ABNORMAL_CARDIAC_ATRIUM_MORPHOLOGY","HP_ABNORMAL_CARDIAC_ATRIUM_MORPHOLOGY","HP_ABNORMAL_CARDIAC_ATRIUM_MORPHOLOGY","2","25",NA,"10","92",0.817362604427866,0.994722215760945,0.994722215760945,"4001/6597",2,"results_C5_R",0.08,0.108695652173913,0.736
"HP_THIN_VERMILION_BORDER","HP_THIN_VERMILION_BORDER","HP_THIN_VERMILION_BORDER","2","25",NA,"10","92",0.817362604427866,0.994722215760945,0.994722215760945,"3192/6597",2,"results_C5_R",0.08,0.108695652173913,0.736
"GOBP_REGULATION_OF_PROTEIN_MODIFICATION_PROCESS","GOBP_REGULATION_OF_PROTEIN_MODIFICATION_PROCESS","GOBP_REGULATION_OF_PROTEIN_MODIFICATION_PROCESS","4","25",NA,"19","92",0.831498175211632,0.994722215760945,0.994722215760945,"8841/23077/4771/5170",4,"results_C5_R",0.16,0.206521739130435,0.774736842105263
"GOCC_ENDOPLASMIC_RETICULUM","GOCC_ENDOPLASMIC_RETICULUM","GOCC_ENDOPLASMIC_RETICULUM","4","25",NA,"19","92",0.831498175211632,0.994722215760945,0.994722215760945,"23399/64834/80856/10430",4,"results_C5_R",0.16,0.206521739130435,0.774736842105263
"HP_ABNORMAL_RESPIRATORY_SYSTEM_MORPHOLOGY","HP_ABNORMAL_RESPIRATORY_SYSTEM_MORPHOLOGY","HP_ABNORMAL_RESPIRATORY_SYSTEM_MORPHOLOGY","4","25",NA,"19","92",0.831498175211632,0.994722215760945,0.994722215760945,"4001/5903/5921/6597",4,"results_C5_R",0.16,0.206521739130435,0.774736842105263
"HP_MUSCLE_WEAKNESS","HP_MUSCLE_WEAKNESS","HP_MUSCLE_WEAKNESS","4","25",NA,"19","92",0.831498175211632,0.994722215760945,0.994722215760945,"4001/4771/5903/5921",4,"results_C5_R",0.16,0.206521739130435,0.774736842105263
"GOBP_MEMBRANE_ORGANIZATION","GOBP_MEMBRANE_ORGANIZATION","GOBP_MEMBRANE_ORGANIZATION","3","25",NA,"15","92",0.841201762266429,0.994722215760945,0.994722215760945,"23399/4001/23353",3,"results_C5_R",0.12,0.16304347826087,0.736
"HP_ABNORMAL_BLEEDING","HP_ABNORMAL_BLEEDING","HP_ABNORMAL_BLEEDING","3","25",NA,"15","92",0.841201762266429,0.994722215760945,0.994722215760945,"4771/5903/5921",3,"results_C5_R",0.12,0.16304347826087,0.736
"HP_ABNORMAL_EYELID_MORPHOLOGY","HP_ABNORMAL_EYELID_MORPHOLOGY","HP_ABNORMAL_EYELID_MORPHOLOGY","3","25",NA,"15","92",0.841201762266429,0.994722215760945,0.994722215760945,"3192/4001/6597",3,"results_C5_R",0.12,0.16304347826087,0.736
"HP_ABNORMAL_LIP_MORPHOLOGY","HP_ABNORMAL_LIP_MORPHOLOGY","HP_ABNORMAL_LIP_MORPHOLOGY","3","25",NA,"15","92",0.841201762266429,0.994722215760945,0.994722215760945,"3192/4001/6597",3,"results_C5_R",0.12,0.16304347826087,0.736
"HP_DECREASED_HEAD_CIRCUMFERENCE","HP_DECREASED_HEAD_CIRCUMFERENCE","HP_DECREASED_HEAD_CIRCUMFERENCE","3","25",NA,"15","92",0.841201762266429,0.994722215760945,0.994722215760945,"3192/4001/6597",3,"results_C5_R",0.12,0.16304347826087,0.736
"GOBP_POSITIVE_REGULATION_OF_CELLULAR_COMPONENT_ORGANIZATION","GOBP_POSITIVE_REGULATION_OF_CELLULAR_COMPONENT_ORGANIZATION","GOBP_POSITIVE_REGULATION_OF_CELLULAR_COMPONENT_ORGANIZATION","2","25",NA,"11","92",0.860751279334138,0.994722215760945,0.994722215760945,"80856/4771",2,"results_C5_R",0.08,0.119565217391304,0.669090909090909
"GOBP_REGULATION_OF_MITOTIC_CELL_CYCLE","GOBP_REGULATION_OF_MITOTIC_CELL_CYCLE","GOBP_REGULATION_OF_MITOTIC_CELL_CYCLE","2","25",NA,"11","92",0.860751279334138,0.994722215760945,0.994722215760945,"11319/3192",2,"results_C5_R",0.08,0.119565217391304,0.669090909090909
"GOCC_NUCLEAR_BODY","GOCC_NUCLEAR_BODY","GOCC_NUCLEAR_BODY","2","25",NA,"11","92",0.860751279334138,0.994722215760945,0.994722215760945,"3192/4928",2,"results_C5_R",0.08,0.119565217391304,0.669090909090909
"HP_ABNORMAL_EYEBROW_MORPHOLOGY","HP_ABNORMAL_EYEBROW_MORPHOLOGY","HP_ABNORMAL_EYEBROW_MORPHOLOGY","2","25",NA,"11","92",0.860751279334138,0.994722215760945,0.994722215760945,"3192/6597",2,"results_C5_R",0.08,0.119565217391304,0.669090909090909
"HP_ABNORMAL_VASCULAR_MORPHOLOGY","HP_ABNORMAL_VASCULAR_MORPHOLOGY","HP_ABNORMAL_VASCULAR_MORPHOLOGY","2","25",NA,"11","92",0.860751279334138,0.994722215760945,0.994722215760945,"5921/6597",2,"results_C5_R",0.08,0.119565217391304,0.669090909090909
"HP_ABNORMALITY_OF_MUSCLE_SIZE","HP_ABNORMALITY_OF_MUSCLE_SIZE","HP_ABNORMALITY_OF_MUSCLE_SIZE","2","25",NA,"11","92",0.860751279334138,0.994722215760945,0.994722215760945,"5921/6597",2,"results_C5_R",0.08,0.119565217391304,0.669090909090909
"HP_ABNORMALITY_OF_THE_URINARY_SYSTEM_PHYSIOLOGY","HP_ABNORMALITY_OF_THE_URINARY_SYSTEM_PHYSIOLOGY","HP_ABNORMALITY_OF_THE_URINARY_SYSTEM_PHYSIOLOGY","2","25",NA,"11","92",0.860751279334138,0.994722215760945,0.994722215760945,"4001/5921",2,"results_C5_R",0.08,0.119565217391304,0.669090909090909
"HP_HYPERTELORISM","HP_HYPERTELORISM","HP_HYPERTELORISM","2","25",NA,"11","92",0.860751279334138,0.994722215760945,0.994722215760945,"3192/4001",2,"results_C5_R",0.08,0.119565217391304,0.669090909090909
"HP_CONSTITUTIONAL_SYMPTOM","HP_CONSTITUTIONAL_SYMPTOM","HP_CONSTITUTIONAL_SYMPTOM","4","25",NA,"20","92",0.86555156574904,0.994722215760945,0.994722215760945,"22900/4001/4771/5921",4,"results_C5_R",0.16,0.217391304347826,0.736
"HP_ABNORMALITY_OF_GLOBE_LOCATION","HP_ABNORMALITY_OF_GLOBE_LOCATION","HP_ABNORMALITY_OF_GLOBE_LOCATION","3","25",NA,"16","92",0.875904174358556,0.994722215760945,0.994722215760945,"3192/4001/4771",3,"results_C5_R",0.12,0.173913043478261,0.69
"GOBP_NEGATIVE_REGULATION_OF_CELL_POPULATION_PROLIFERATION","GOBP_NEGATIVE_REGULATION_OF_CELL_POPULATION_PROLIFERATION","GOBP_NEGATIVE_REGULATION_OF_CELL_POPULATION_PROLIFERATION","2","25",NA,"12","92",0.894926556605991,0.994722215760945,0.994722215760945,"4771/55423",2,"results_C5_R",0.08,0.130434782608696,0.613333333333333
"GOBP_NEGATIVE_REGULATION_OF_GENE_EXPRESSION","GOBP_NEGATIVE_REGULATION_OF_GENE_EXPRESSION","GOBP_NEGATIVE_REGULATION_OF_GENE_EXPRESSION","2","25",NA,"12","92",0.894926556605991,0.994722215760945,0.994722215760945,"22900/3192",2,"results_C5_R",0.08,0.130434782608696,0.613333333333333
"HP_ABNORMALITY_OF_REPRODUCTIVE_SYSTEM_PHYSIOLOGY","HP_ABNORMALITY_OF_REPRODUCTIVE_SYSTEM_PHYSIOLOGY","HP_ABNORMALITY_OF_REPRODUCTIVE_SYSTEM_PHYSIOLOGY","2","25",NA,"12","92",0.894926556605991,0.994722215760945,0.994722215760945,"4001/4771",2,"results_C5_R",0.08,0.130434782608696,0.613333333333333
"HP_APLASIA_HYPOPLASIA_INVOLVING_THE_SKELETON","HP_APLASIA_HYPOPLASIA_INVOLVING_THE_SKELETON","HP_APLASIA_HYPOPLASIA_INVOLVING_THE_SKELETON","2","25",NA,"12","92",0.894926556605991,0.994722215760945,0.994722215760945,"3192/6597",2,"results_C5_R",0.08,0.130434782608696,0.613333333333333
"GOBP_REGULATION_OF_CELL_CYCLE","GOBP_REGULATION_OF_CELL_CYCLE","GOBP_REGULATION_OF_CELL_CYCLE","3","25",NA,"17","92",0.904083576658929,0.994722215760945,0.994722215760945,"11319/3192/4771",3,"results_C5_R",0.12,0.184782608695652,0.649411764705882
"GOBP_ORGANONITROGEN_COMPOUND_BIOSYNTHETIC_PROCESS","GOBP_ORGANONITROGEN_COMPOUND_BIOSYNTHETIC_PROCESS","GOBP_ORGANONITROGEN_COMPOUND_BIOSYNTHETIC_PROCESS","2","25",NA,"13","92",0.921490067576387,0.994722215760945,0.994722215760945,"64834/3192",2,"results_C5_R",0.08,0.141304347826087,0.566153846153846
"HP_ABNORMAL_HAIR_QUANTITY","HP_ABNORMAL_HAIR_QUANTITY","HP_ABNORMAL_HAIR_QUANTITY","2","25",NA,"13","92",0.921490067576387,0.994722215760945,0.994722215760945,"3192/6597",2,"results_C5_R",0.08,0.141304347826087,0.566153846153846
"HP_ABNORMAL_INTESTINE_MORPHOLOGY","HP_ABNORMAL_INTESTINE_MORPHOLOGY","HP_ABNORMAL_INTESTINE_MORPHOLOGY","2","25",NA,"13","92",0.921490067576387,0.994722215760945,0.994722215760945,"22900/3192",2,"results_C5_R",0.08,0.141304347826087,0.566153846153846
"HP_ABNORMAL_NASAL_BRIDGE_MORPHOLOGY","HP_ABNORMAL_NASAL_BRIDGE_MORPHOLOGY","HP_ABNORMAL_NASAL_BRIDGE_MORPHOLOGY","2","25",NA,"13","92",0.921490067576387,0.994722215760945,0.994722215760945,"4001/6597",2,"results_C5_R",0.08,0.141304347826087,0.566153846153846
"HP_ABNORMALITY_OF_DIGESTIVE_SYSTEM_MORPHOLOGY","HP_ABNORMALITY_OF_DIGESTIVE_SYSTEM_MORPHOLOGY","HP_ABNORMALITY_OF_DIGESTIVE_SYSTEM_MORPHOLOGY","2","25",NA,"13","92",0.921490067576387,0.994722215760945,0.994722215760945,"22900/3192",2,"results_C5_R",0.08,0.141304347826087,0.566153846153846
"HP_ABNORMALITY_OF_THE_DENTITION","HP_ABNORMALITY_OF_THE_DENTITION","HP_ABNORMALITY_OF_THE_DENTITION","2","25",NA,"13","92",0.921490067576387,0.994722215760945,0.994722215760945,"4001/6597",2,"results_C5_R",0.08,0.141304347826087,0.566153846153846
"HP_ABNORMAL_HAIR_MORPHOLOGY","HP_ABNORMAL_HAIR_MORPHOLOGY","HP_ABNORMAL_HAIR_MORPHOLOGY","3","25",NA,"18","92",0.926652146856828,0.994722215760945,0.994722215760945,"3192/4001/6597",3,"results_C5_R",0.12,0.195652173913043,0.613333333333333
"GOBP_CELLULAR_AMIDE_METABOLIC_PROCESS","GOBP_CELLULAR_AMIDE_METABOLIC_PROCESS","GOBP_CELLULAR_AMIDE_METABOLIC_PROCESS","2","25",NA,"14","92",0.941889050684454,0.994722215760945,0.994722215760945,"64834/3192",2,"results_C5_R",0.08,0.152173913043478,0.525714285714286
"GOBP_REGULATION_OF_CELL_CYCLE_PROCESS","GOBP_REGULATION_OF_CELL_CYCLE_PROCESS","GOBP_REGULATION_OF_CELL_CYCLE_PROCESS","2","25",NA,"14","92",0.941889050684454,0.994722215760945,0.994722215760945,"11319/3192",2,"results_C5_R",0.08,0.152173913043478,0.525714285714286
"HP_ABNORMALITY_OF_THE_CALVARIA","HP_ABNORMALITY_OF_THE_CALVARIA","HP_ABNORMALITY_OF_THE_CALVARIA","2","25",NA,"14","92",0.941889050684454,0.994722215760945,0.994722215760945,"3192/4001",2,"results_C5_R",0.08,0.152173913043478,0.525714285714286
"GOCC_CHROMOSOME","GOCC_CHROMOSOME","GOCC_CHROMOSOME","3","25",NA,"20","92",0.958424449032878,0.994722215760945,0.994722215760945,"3192/4928/6597",3,"results_C5_R",0.12,0.217391304347826,0.552
"GOBP_IMMUNE_SYSTEM_DEVELOPMENT","GOBP_IMMUNE_SYSTEM_DEVELOPMENT","GOBP_IMMUNE_SYSTEM_DEVELOPMENT","1","25",NA,"10","92",0.965607243690962,0.994722215760945,0.994722215760945,"5926",1,"results_C5_R",0.04,0.108695652173913,0.368
"GOBP_PEPTIDE_METABOLIC_PROCESS","GOBP_PEPTIDE_METABOLIC_PROCESS","GOBP_PEPTIDE_METABOLIC_PROCESS","1","25",NA,"10","92",0.965607243690962,0.994722215760945,0.994722215760945,"3192",1,"results_C5_R",0.04,0.108695652173913,0.368
"GOBP_REGULATION_OF_CELL_CYCLE_PHASE_TRANSITION","GOBP_REGULATION_OF_CELL_CYCLE_PHASE_TRANSITION","GOBP_REGULATION_OF_CELL_CYCLE_PHASE_TRANSITION","1","25",NA,"10","92",0.965607243690962,0.994722215760945,0.994722215760945,"11319",1,"results_C5_R",0.04,0.108695652173913,0.368
"GOBP_REGULATION_OF_CELLULAR_MACROMOLECULE_BIOSYNTHETIC_PROCESS","GOBP_REGULATION_OF_CELLULAR_MACROMOLECULE_BIOSYNTHETIC_PROCESS","GOBP_REGULATION_OF_CELLULAR_MACROMOLECULE_BIOSYNTHETIC_PROCESS","1","25",NA,"10","92",0.965607243690962,0.994722215760945,0.994722215760945,"3192",1,"results_C5_R",0.04,0.108695652173913,0.368
"GOBP_RESPONSE_TO_GROWTH_FACTOR","GOBP_RESPONSE_TO_GROWTH_FACTOR","GOBP_RESPONSE_TO_GROWTH_FACTOR","1","25",NA,"10","92",0.965607243690962,0.994722215760945,0.994722215760945,"5170",1,"results_C5_R",0.04,0.108695652173913,0.368
"GOCC_CHROMATIN","GOCC_CHROMATIN","GOCC_CHROMATIN","1","25",NA,"10","92",0.965607243690962,0.994722215760945,0.994722215760945,"6597",1,"results_C5_R",0.04,0.108695652173913,0.368
"HP_ABNORMALITY_OF_SKIN_PIGMENTATION","HP_ABNORMALITY_OF_SKIN_PIGMENTATION","HP_ABNORMALITY_OF_SKIN_PIGMENTATION","1","25",NA,"10","92",0.965607243690962,0.994722215760945,0.994722215760945,"4771",1,"results_C5_R",0.04,0.108695652173913,0.368
"HP_ABNORMALITY_OF_THE_LENS","HP_ABNORMALITY_OF_THE_LENS","HP_ABNORMALITY_OF_THE_LENS","1","25",NA,"10","92",0.965607243690962,0.994722215760945,0.994722215760945,"4771",1,"results_C5_R",0.04,0.108695652173913,0.368
"HP_APLASIA_HYPOPLASIA_AFFECTING_BONES_OF_THE_AXIAL_SKELETON","HP_APLASIA_HYPOPLASIA_AFFECTING_BONES_OF_THE_AXIAL_SKELETON","HP_APLASIA_HYPOPLASIA_AFFECTING_BONES_OF_THE_AXIAL_SKELETON","1","25",NA,"10","92",0.965607243690962,0.994722215760945,0.994722215760945,"3192",1,"results_C5_R",0.04,0.108695652173913,0.368
"HP_HYPERPIGMENTATION_OF_THE_SKIN","HP_HYPERPIGMENTATION_OF_THE_SKIN","HP_HYPERPIGMENTATION_OF_THE_SKIN","1","25",NA,"10","92",0.965607243690962,0.994722215760945,0.994722215760945,"4771",1,"results_C5_R",0.04,0.108695652173913,0.368
"HP_PTOSIS","HP_PTOSIS","HP_PTOSIS","1","25",NA,"10","92",0.965607243690962,0.994722215760945,0.994722215760945,"6597",1,"results_C5_R",0.04,0.108695652173913,0.368
"GOBP_CELL_CYCLE_PHASE_TRANSITION","GOBP_CELL_CYCLE_PHASE_TRANSITION","GOBP_CELL_CYCLE_PHASE_TRANSITION","1","25",NA,"11","92",0.976092840126644,0.994722215760945,0.994722215760945,"11319",1,"results_C5_R",0.04,0.119565217391304,0.334545454545455
"GOBP_NEGATIVE_REGULATION_OF_MULTICELLULAR_ORGANISMAL_PROCESS","GOBP_NEGATIVE_REGULATION_OF_MULTICELLULAR_ORGANISMAL_PROCESS","GOBP_NEGATIVE_REGULATION_OF_MULTICELLULAR_ORGANISMAL_PROCESS","1","25",NA,"11","92",0.976092840126644,0.994722215760945,0.994722215760945,"22900",1,"results_C5_R",0.04,0.119565217391304,0.334545454545455
"GOBP_REGULATION_OF_RESPONSE_TO_STRESS","GOBP_REGULATION_OF_RESPONSE_TO_STRESS","GOBP_REGULATION_OF_RESPONSE_TO_STRESS","1","25",NA,"11","92",0.976092840126644,0.994722215760945,0.994722215760945,"8841",1,"results_C5_R",0.04,0.119565217391304,0.334545454545455
"HP_ABNORMAL_PALATE_MORPHOLOGY","HP_ABNORMAL_PALATE_MORPHOLOGY","HP_ABNORMAL_PALATE_MORPHOLOGY","1","25",NA,"11","92",0.976092840126644,0.994722215760945,0.994722215760945,"3192",1,"results_C5_R",0.04,0.119565217391304,0.334545454545455
"HP_ABNORMAL_TESTIS_MORPHOLOGY","HP_ABNORMAL_TESTIS_MORPHOLOGY","HP_ABNORMAL_TESTIS_MORPHOLOGY","1","25",NA,"11","92",0.976092840126644,0.994722215760945,0.994722215760945,"6597",1,"results_C5_R",0.04,0.119565217391304,0.334545454545455
"HP_ABNORMALITY_OF_LONG_BONE_MORPHOLOGY","HP_ABNORMALITY_OF_LONG_BONE_MORPHOLOGY","HP_ABNORMALITY_OF_LONG_BONE_MORPHOLOGY","1","25",NA,"11","92",0.976092840126644,0.994722215760945,0.994722215760945,"5921",1,"results_C5_R",0.04,0.119565217391304,0.334545454545455
"GOBP_DNA_METABOLIC_PROCESS","GOBP_DNA_METABOLIC_PROCESS","GOBP_DNA_METABOLIC_PROCESS","1","25",NA,"12","92",0.983471593173976,0.994722215760945,0.994722215760945,"3192",1,"results_C5_R",0.04,0.130434782608696,0.306666666666667
"HP_ABNORMAL_CIRCULATING_METABOLITE_CONCENTRATION","HP_ABNORMAL_CIRCULATING_METABOLITE_CONCENTRATION","HP_ABNORMAL_CIRCULATING_METABOLITE_CONCENTRATION","1","25",NA,"12","92",0.983471593173976,0.994722215760945,0.994722215760945,"5921",1,"results_C5_R",0.04,0.130434782608696,0.306666666666667
"HP_ABNORMAL_EXTERNAL_GENITALIA","HP_ABNORMAL_EXTERNAL_GENITALIA","HP_ABNORMAL_EXTERNAL_GENITALIA","1","25",NA,"12","92",0.983471593173976,0.994722215760945,0.994722215760945,"6597",1,"results_C5_R",0.04,0.130434782608696,0.306666666666667
"HP_ABNORMAL_RETINAL_MORPHOLOGY","HP_ABNORMAL_RETINAL_MORPHOLOGY","HP_ABNORMAL_RETINAL_MORPHOLOGY","1","25",NA,"12","92",0.983471593173976,0.994722215760945,0.994722215760945,"4771",1,"results_C5_R",0.04,0.130434782608696,0.306666666666667
"HP_ABNORMAL_TENDON_MORPHOLOGY","HP_ABNORMAL_TENDON_MORPHOLOGY","HP_ABNORMAL_TENDON_MORPHOLOGY","1","25",NA,"12","92",0.983471593173976,0.994722215760945,0.994722215760945,"4001",1,"results_C5_R",0.04,0.130434782608696,0.306666666666667
"HP_GENERALIZED_ABNORMALITY_OF_SKIN","HP_GENERALIZED_ABNORMALITY_OF_SKIN","HP_GENERALIZED_ABNORMALITY_OF_SKIN","1","25",NA,"12","92",0.983471593173976,0.994722215760945,0.994722215760945,"5921",1,"results_C5_R",0.04,0.130434782608696,0.306666666666667
"GOBP_CELLULAR_RESPONSE_TO_STRESS","GOBP_CELLULAR_RESPONSE_TO_STRESS","GOBP_CELLULAR_RESPONSE_TO_STRESS","1","25",NA,"13","92",0.988636720307109,0.994722215760945,0.994722215760945,"8841",1,"results_C5_R",0.04,0.141304347826087,0.283076923076923
"HP_ABNORMAL_ANTERIOR_EYE_SEGMENT_MORPHOLOGY","HP_ABNORMAL_ANTERIOR_EYE_SEGMENT_MORPHOLOGY","HP_ABNORMAL_ANTERIOR_EYE_SEGMENT_MORPHOLOGY","1","25",NA,"13","92",0.988636720307109,0.994722215760945,0.994722215760945,"4771",1,"results_C5_R",0.04,0.141304347826087,0.283076923076923
"HP_ABNORMALITY_OF_FINGER","HP_ABNORMALITY_OF_FINGER","HP_ABNORMALITY_OF_FINGER","1","25",NA,"13","92",0.988636720307109,0.994722215760945,0.994722215760945,"6597",1,"results_C5_R",0.04,0.141304347826087,0.283076923076923
"HP_ABNORMALITY_OF_THE_ABDOMINAL_ORGANS","HP_ABNORMALITY_OF_THE_ABDOMINAL_ORGANS","HP_ABNORMALITY_OF_THE_ABDOMINAL_ORGANS","1","25",NA,"13","92",0.988636720307109,0.994722215760945,0.994722215760945,"6597",1,"results_C5_R",0.04,0.141304347826087,0.283076923076923
"HP_ABNORMALITY_OF_THE_PINNA","HP_ABNORMALITY_OF_THE_PINNA","HP_ABNORMALITY_OF_THE_PINNA","1","25",NA,"13","92",0.988636720307109,0.994722215760945,0.994722215760945,"4001",1,"results_C5_R",0.04,0.141304347826087,0.283076923076923
"GOBP_RESPONSE_TO_ABIOTIC_STIMULUS","GOBP_RESPONSE_TO_ABIOTIC_STIMULUS","GOBP_RESPONSE_TO_ABIOTIC_STIMULUS","1","25",NA,"14","92",0.992232694893467,0.994722215760945,0.994722215760945,"5170",1,"results_C5_R",0.04,0.152173913043478,0.262857142857143
"HP_ABNORMAL_FACIAL_SHAPE","HP_ABNORMAL_FACIAL_SHAPE","HP_ABNORMAL_FACIAL_SHAPE","1","25",NA,"14","92",0.992232694893467,0.994722215760945,0.994722215760945,"6597",1,"results_C5_R",0.04,0.152173913043478,0.262857142857143
"HP_ABNORMAL_JAW_MORPHOLOGY","HP_ABNORMAL_JAW_MORPHOLOGY","HP_ABNORMAL_JAW_MORPHOLOGY","1","25",NA,"14","92",0.992232694893467,0.994722215760945,0.994722215760945,"3192",1,"results_C5_R",0.04,0.152173913043478,0.262857142857143
"GOBP_CELLULAR_MACROMOLECULE_BIOSYNTHETIC_PROCESS","GOBP_CELLULAR_MACROMOLECULE_BIOSYNTHETIC_PROCESS","GOBP_CELLULAR_MACROMOLECULE_BIOSYNTHETIC_PROCESS","1","25",NA,"15","92",0.994722215760945,0.994722215760945,0.994722215760945,"3192",1,"results_C5_R",0.04,0.16304347826087,0.245333333333333
"HP_ABNORMALITY_OF_FACIAL_SKELETON","HP_ABNORMALITY_OF_FACIAL_SKELETON","HP_ABNORMALITY_OF_FACIAL_SKELETON","1","25",NA,"15","92",0.994722215760945,0.994722215760945,0.994722215760945,"3192",1,"results_C5_R",0.04,0.16304347826087,0.245333333333333
"HP_ABNORMALITY_OF_THE_OUTER_EAR","HP_ABNORMALITY_OF_THE_OUTER_EAR","HP_ABNORMALITY_OF_THE_OUTER_EAR","1","25",NA,"15","92",0.994722215760945,0.994722215760945,0.994722215760945,"4001",1,"results_C5_R",0.04,0.16304347826087,0.245333333333333
"NAKAYA_PBMC_FLUMIST_AGE_18_50YO_7DY_UP","NAKAYA_PBMC_FLUMIST_AGE_18_50YO_7DY_UP","NAKAYA_PBMC_FLUMIST_AGE_18_50YO_7DY_UP","7","25",NA,"13","92",0.0269394289512474,0.161636573707484,0.14178646816446,"22900/64834/80856/55706/5921/6597/23353",7,"results_C7_R",0.28,0.141304347826087,1.98153846153846
"NAKAYA_PBMC_FLUMIST_AGE_18_50YO_7DY_DN","NAKAYA_PBMC_FLUMIST_AGE_18_50YO_7DY_DN","NAKAYA_PBMC_FLUMIST_AGE_18_50YO_7DY_DN","3","25",NA,"10","92",0.545999535946266,0.756808554689035,0.663867153235996,"5926/4928/23353",3,"results_C7_R",0.12,0.108695652173913,1.104
"OSMAN_BLOOD_CHAD63_KH_AGE_18_50YO_HIGH_DOSE_SUBJECTS_24HR_DN","OSMAN_BLOOD_CHAD63_KH_AGE_18_50YO_HIGH_DOSE_SUBJECTS_24HR_DN","OSMAN_BLOOD_CHAD63_KH_AGE_18_50YO_HIGH_DOSE_SUBJECTS_24HR_DN","4","25",NA,"14","92",0.564507863185208,0.756808554689035,0.663867153235996,"3192/5903/55423/23353",4,"results_C7_R",0.16,0.152173913043478,1.05142857142857
"OSMAN_BLOOD_CHAD63_KH_AGE_18_50YO_HIGH_DOSE_SUBJECTS_24HR_UP","OSMAN_BLOOD_CHAD63_KH_AGE_18_50YO_HIGH_DOSE_SUBJECTS_24HR_UP","OSMAN_BLOOD_CHAD63_KH_AGE_18_50YO_HIGH_DOSE_SUBJECTS_24HR_UP","3","25",NA,"11","92",0.622113567349642,0.756808554689035,0.663867153235996,"22900/4001/23077",3,"results_C7_R",0.12,0.119565217391304,1.00363636363636
"NAKAYA_PLASMACYTOID_DENDRITIC_CELL_FLUMIST_AGE_18_50YO_7DY_UP","NAKAYA_PLASMACYTOID_DENDRITIC_CELL_FLUMIST_AGE_18_50YO_7DY_UP","NAKAYA_PLASMACYTOID_DENDRITIC_CELL_FLUMIST_AGE_18_50YO_7DY_UP","4","25",NA,"15","92",0.630673795574196,0.756808554689035,0.663867153235996,"22900/4928/5921/23353",4,"results_C7_R",0.16,0.16304347826087,0.981333333333333
"ZAK_PBMC_MRKAD5_HIV_1_GAG_POL_NEF_AGE_20_50YO_1DY_DN","ZAK_PBMC_MRKAD5_HIV_1_GAG_POL_NEF_AGE_20_50YO_1DY_DN","ZAK_PBMC_MRKAD5_HIV_1_GAG_POL_NEF_AGE_20_50YO_1DY_DN","1","25",NA,"11","92",0.976092840126644,0.976092840126644,0.856221789584776,"55423",1,"results_C7_R",0.04,0.119565217391304,0.334545454545455
"INM/NPC","INM/NPC","INM/NPC","5","23",NA,"11","89",0.113922664216676,0.341767992650028,0.341767992650028,"CTDNEP1/NDC1/NRM/NUP98/RANBP2",5,"results_subcategory_RFP",0.217391304347826,0.123595505617978,1.75889328063241
"Chromatin","Chromatin","Chromatin","3","23",NA,"10","89",0.505325405589959,0.757988108384938,0.757988108384938,"HDAC3/HNRNPU/SMARCA4",3,"results_subcategory_RFP",0.130434782608696,0.112359550561798,1.16086956521739
"random gene generator","random gene generator","random gene generator","9","23",NA,"45","89",0.935593243484518,0.935593243484518,0.935593243484518,"ARID4A/CAMSAP2/CARD8/ECD/MYCBP2/PDPK1/PSMC1/S100A4/SIRPG",9,"results_subcategory_RFP",0.391304347826087,0.50561797752809,0.773913043478261
"membrane","membrane","membrane","7","23",NA,"15","89",0.0491428191696564,0.196571276678625,0.155187850009441,"CTDNEP1/ELOVL1/LNPK/NDC1/NF2/NRM/TMEM147",7,"results_localization_RFP",0.304347826086957,0.168539325842697,1.80579710144928
"nucleus","nucleus","nucleus","4","23",NA,"15","89",0.582295881640845,0.945237955185596,0.746240490935996,"ARID4A/ECD/MYCBP2/NF2",4,"results_localization_RFP",0.173913043478261,0.168539325842697,1.03188405797101
"ER","ER","ER","2","23",NA,"10","89",0.791091097560647,0.945237955185596,0.746240490935996,"ELOVL1/TMEM147",2,"results_localization_RFP",0.0869565217391304,0.112359550561798,0.773913043478261
"cytoplasm","cytoplasm","cytoplasm","3","23",NA,"20","89",0.945237955185596,0.945237955185596,0.746240490935996,"ECD/PDPK1/RASA1",3,"results_localization_RFP",0.130434782608696,0.224719101123595,0.580434782608696
"Transcription","Transcription","Transcription","4","23",NA,"12","89",0.374175555396336,0.5812884376328,0.5812884376328,"ARID4A/ECD/HDAC3/SMARCA4",4,"results_fun.sum_RFP",0.173913043478261,0.134831460674157,1.28985507246377
"cytoskeleton","cytoskeleton","cytoskeleton","3","23",NA,"11","89",0.5812884376328,0.5812884376328,0.5812884376328,"CAMSAP2/DIAPH3/S100A4",3,"results_fun.sum_RFP",0.130434782608696,0.123595505617978,1.05533596837945
"Membrane structure","Membrane structure","Membrane structure","3","23",NA,"11","89",0.5812884376328,0.5812884376328,0.5812884376328,"CTDNEP1/ELOVL1/LNPK",3,"results_fun.sum_RFP",0.130434782608696,0.123595505617978,1.05533596837945
"Targeted","Targeted","Targeted","14","23",NA,"44","89",0.151246780927183,0.302493561854366,0.302493561854366,"CTDNEP1/DIAPH3/ELOVL1/HDAC3/HNRNPU/LNPK/NDC1/NF2/NRM/NUP98/RANBP2/RASA1/SMARCA4/TMEM147",14,"results_targeted_RFP",0.608695652173913,0.49438202247191,1.23122529644269
"Non-Targeted","Non-Targeted","Non-Targeted","9","23",NA,"45","89",0.935593243484518,0.935593243484518,0.935593243484518,"ARID4A/CAMSAP2/CARD8/ECD/MYCBP2/PDPK1/PSMC1/S100A4/SIRPG",9,"results_targeted_RFP",0.391304347826087,0.50561797752809,0.773913043478261
